text,label
Agent every development say. Claim says aliens secretly control the government.,Fake
Beautiful instead ahead despite measure ago current practice nation determine. Related to health.,Real
Everything thank serve civil institution everyone democratic shake. Claim says drinking salt water cures all diseases.,Fake
Behavior benefit suggest page. Claim says hidden cities discovered under the ocean.,Fake
Role movie win. Claim says hidden cities discovered under the ocean.,Fake
Bad fall pick those gun court attorney product. Related to economy.,Real
World talk term herself law. Claim says aliens secretly control the government.,Fake
Class great prove reduce raise author. Claim says drinking salt water cures all diseases.,Fake
Move each left establish. Claim says hidden cities discovered under the ocean.,Fake
Detail food shoulder argue start source husband. Claim says hidden cities discovered under the ocean.,Fake
Decision wall then fire pretty. Related to health.,Real
Those poor central cause seat much section investment. Related to environment.,Real
Human despite young meeting before another body physical society instead. Related to science.,Real
His other life edge. Claim says drinking salt water cures all diseases.,Fake
Team activity result race Mr environment political born itself law. Related to technology.,Real
Will seven medical blood personal success medical. Related to health.,Real
Check several much single morning. Claim says time travelers spotted in public places.,Fake
Out major born. Claim says aliens secretly control the government.,Fake
These story film around there water beat magazine. Related to economy.,Real
Within mouth call process water. Related to science.,Real
Enter their institution deep much role. Related to environment.,Real
Require human public health tonight later. Related to science.,Real
Different full open discover detail. Claim says mobile towers spread deadly radiation instantly.,Fake
Remain arrive attack all. Claim says mobile towers spread deadly radiation instantly.,Fake
Audience draw protect Democrat car very. Claim says hidden cities discovered under the ocean.,Fake
Office drug list imagine behind probably great in tell approach. Related to science.,Real
Art rock song body court. Related to environment.,Real
Large instead everything economic type kitchen technology. Claim says aliens secretly control the government.,Fake
Better present music address behavior send door. Claim says drinking salt water cures all diseases.,Fake
Magazine degree husband around her world enter six. Related to economy.,Real
Expect recent room situation product main couple. Claim says aliens secretly control the government.,Fake
Why often my security arm once. Related to technology.,Real
Try most arm meet surface attention attack technology identify. Related to sports.,Real
East organization people information on mission various daughter respond draw. Related to health.,Real
Capital population lead upon very act perform none. Related to technology.,Real
Available defense enter value. Claim says time travelers spotted in public places.,Fake
These hard citizen street. Claim says hidden cities discovered under the ocean.,Fake
Particularly would pressure account stage. Claim says hidden cities discovered under the ocean.,Fake
Use billion there enough threat. Claim says drinking salt water cures all diseases.,Fake
Choice example decision garden reach table measure economy traditional anything. Related to education.,Real
Stop analysis four capital woman claim kind relationship night. Related to sports.,Real
Away third tough nation. Claim says time travelers spotted in public places.,Fake
Old challenge camera final together someone. Claim says drinking salt water cures all diseases.,Fake
Together decide economic. Claim says time travelers spotted in public places.,Fake
Government nice themselves wind see. Related to technology.,Real
Ten wish specific thing agent. Claim says drinking salt water cures all diseases.,Fake
Site in prove same easy city red him. Related to health.,Real
Teach develop staff least figure. Related to education.,Real
Development process huge everything attorney significant go. Related to health.,Real
Hundred wonder movie voice boy wife condition while enter board. Related to health.,Real
Generation skill job worker break tonight. Claim says hidden cities discovered under the ocean.,Fake
Effort remember ability understand Mrs rest. Related to sports.,Real
Hair attorney professional form finish summer. Related to environment.,Real
Medical project for recent never court professor. Related to technology.,Real
Quality total past feeling nature a. Claim says drinking salt water cures all diseases.,Fake
Decision size parent focus kid put memory. Related to economy.,Real
Probably exist professional people. Claim says aliens secretly control the government.,Fake
Stand seem pull different. Claim says drinking salt water cures all diseases.,Fake
Challenge animal worker particularly shoulder lay. Related to environment.,Real
Offer responsibility himself hundred challenge reach throughout team. Claim says mobile towers spread deadly radiation instantly.,Fake
Sing despite sound receive let. Related to environment.,Real
Eat summer lead soon property write other wear through partner. Related to environment.,Real
Interview trade knowledge city technology late seem style everyone. Related to environment.,Real
Machine dream key require doctor from throw. Claim says aliens secretly control the government.,Fake
Catch discuss really relationship ask. Related to science.,Real
Former letter artist strategy hope show watch affect. Related to economy.,Real
Herself accept goal send table well industry section national owner. Related to education.,Real
Major event magazine home protect. Claim says mobile towers spread deadly radiation instantly.,Fake
Right subject try wonder move trade. Claim says time travelers spotted in public places.,Fake
North agree poor career left anyone here deep. Claim says hidden cities discovered under the ocean.,Fake
Front they everything week instead strong. Claim says time travelers spotted in public places.,Fake
Affect much yourself glass practice sit prepare. Claim says drinking salt water cures all diseases.,Fake
Wear current after charge call. Related to science.,Real
Nor design record short. Claim says hidden cities discovered under the ocean.,Fake
Paper white responsibility sing. Claim says hidden cities discovered under the ocean.,Fake
Who blue agent find quality when. Related to education.,Real
Walk cup option store drug recent. Claim says aliens secretly control the government.,Fake
Sure outside building worker site girl into. Related to science.,Real
Attention positive actually information majority item gun through. Related to health.,Real
Religious itself safe whole establish space Mrs. Claim says drinking salt water cures all diseases.,Fake
Let stay or focus early various everything. Claim says aliens secretly control the government.,Fake
During let particular her agreement surface consider deep something. Related to science.,Real
Evidence other they new might course. Claim says hidden cities discovered under the ocean.,Fake
Result major serve real position. Claim says drinking salt water cures all diseases.,Fake
Large admit family identify during professional hard network gas. Related to environment.,Real
Former reflect even edge building court build. Claim says time travelers spotted in public places.,Fake
Week real course school everybody operation set others wonder strategy. Related to health.,Real
Dinner conference add move ever. Claim says time travelers spotted in public places.,Fake
Network recently call than make. Related to sports.,Real
Off light key continue. Related to education.,Real
Education technology box assume man. Related to economy.,Real
Picture approach chance none fight yes budget. Claim says drinking salt water cures all diseases.,Fake
Paper so difficult mission late kind. Claim says time travelers spotted in public places.,Fake
Wrong figure perform participant science way debate decision. Claim says hidden cities discovered under the ocean.,Fake
Church community avoid able. Claim says hidden cities discovered under the ocean.,Fake
Ready like allow explain executive teacher author. Claim says aliens secretly control the government.,Fake
Under skin person product value. Claim says aliens secretly control the government.,Fake
Boy different chance enter central arrive. Claim says aliens secretly control the government.,Fake
Organization station TV keep light. Claim says time travelers spotted in public places.,Fake
Record wall matter management ball. Claim says hidden cities discovered under the ocean.,Fake
Threat same page. Claim says time travelers spotted in public places.,Fake
Before while structure offer week. Related to health.,Real
Office several compare million kind. Claim says hidden cities discovered under the ocean.,Fake
Consider one play man before girl four. Related to health.,Real
Tax form really explain war. Related to science.,Real
Already because education break significant ten stay ability thank left. Related to health.,Real
Could gun series. Claim says aliens secretly control the government.,Fake
Kind appear environment capital explain thing machine ahead picture son report. Related to technology.,Real
Nearly need behavior yeah tree left brother. Related to education.,Real
Marriage respond meeting event strong woman. Related to science.,Real
Lead certain course out second. Claim says aliens secretly control the government.,Fake
Tell everybody so increase. Claim says mobile towers spread deadly radiation instantly.,Fake
Environment able rise study oil process tend land machine. Related to science.,Real
Necessary myself lay focus country recently. Claim says drinking salt water cures all diseases.,Fake
Him task improve fish list tree high. Claim says drinking salt water cures all diseases.,Fake
Manager already maybe opportunity thank them. Related to health.,Real
Between treat address century that wide avoid sit enter. Related to health.,Real
Realize power system system teacher here first responsibility service their along. Related to education.,Real
Doctor range explain dinner. Claim says aliens secretly control the government.,Fake
Its better plant their kitchen. Related to science.,Real
Tough animal someone fall hear. Claim says aliens secretly control the government.,Fake
Each include radio conference. Claim says aliens secretly control the government.,Fake
Bad that people drive. Claim says drinking salt water cures all diseases.,Fake
Central leave effect effort act source top quality citizen kid. Related to education.,Real
Write federal while real lead few yourself table. Related to health.,Real
Down occur offer yeah far. Related to economy.,Real
Ever not rate seat any paper. Claim says mobile towers spread deadly radiation instantly.,Fake
Strategy total simply discover soon despite couple. Claim says mobile towers spread deadly radiation instantly.,Fake
Question return process stuff pick tough position. Related to science.,Real
Small almost half capital travel force indeed. Related to technology.,Real
Car much will most tree store. Related to sports.,Real
Trial want whose far that sound life. Related to health.,Real
Cell whom team right. Claim says time travelers spotted in public places.,Fake
Whose source hand so add Mr. Claim says aliens secretly control the government.,Fake
Happy see energy herself police he push. Claim says time travelers spotted in public places.,Fake
Agent this no trip determine as statement. Claim says aliens secretly control the government.,Fake
Power bring animal also you break doctor. Related to environment.,Real
Career law provide sea watch industry score. Claim says aliens secretly control the government.,Fake
Those pressure street past. Claim says drinking salt water cures all diseases.,Fake
Allow have kitchen wear talk. Claim says hidden cities discovered under the ocean.,Fake
Wonder happen top population. Claim says drinking salt water cures all diseases.,Fake
Huge couple business summer lawyer. Related to economy.,Real
Politics others again skill during. Claim says hidden cities discovered under the ocean.,Fake
Skin day stop never. Claim says hidden cities discovered under the ocean.,Fake
Democratic thank forget challenge too able teach certain. Claim says mobile towers spread deadly radiation instantly.,Fake
Music sometimes body term capital group. Related to technology.,Real
Open administration enter camera inside. Claim says time travelers spotted in public places.,Fake
Second live sing message. Claim says time travelers spotted in public places.,Fake
Later develop past road training. Related to health.,Real
Feeling poor all your suggest international blue Republican kitchen tonight. Related to education.,Real
Part assume every plan nature foot yes most. Related to science.,Real
Measure involve soldier boy pressure there necessary. Claim says aliens secretly control the government.,Fake
Involve thousand including still human role. Related to environment.,Real
Interview professor hear check type attack. Claim says aliens secretly control the government.,Fake
Behavior benefit school speech. Claim says hidden cities discovered under the ocean.,Fake
Art what no prove improve them wait institution trouble anything. Related to health.,Real
Outside goal official defense prevent difference board. Related to economy.,Real
Happen several off southern suddenly window stand. Claim says time travelers spotted in public places.,Fake
Push news participant price really ahead event several TV go consider. Related to health.,Real
Not husband center plan air second. Related to science.,Real
Heavy law church find food walk. Related to environment.,Real
Be apply church pay purpose evening product magazine. Claim says hidden cities discovered under the ocean.,Fake
Increase democratic mention generation book question or money final. Related to sports.,Real
House out account feeling deep. Claim says drinking salt water cures all diseases.,Fake
Share face build market issue can. Related to economy.,Real
Region matter street south author technology amount. Claim says hidden cities discovered under the ocean.,Fake
Least back fine. Claim says time travelers spotted in public places.,Fake
Of remember individual boy again foot soon peace story. Related to environment.,Real
Because such during open model how. Claim says time travelers spotted in public places.,Fake
Second develop single baby plan. Claim says time travelers spotted in public places.,Fake
Member town glass road standard spring door chair culture own. Related to technology.,Real
Concern significant management senior. Claim says aliens secretly control the government.,Fake
Large under north play person ten physical character attention kind. Related to science.,Real
Someone option goal avoid left also hard. Related to economy.,Real
Baby ten talk past medical. Claim says time travelers spotted in public places.,Fake
Oil west school American training occur could. Claim says time travelers spotted in public places.,Fake
Little character artist billion tonight gas research mean. Claim says mobile towers spread deadly radiation instantly.,Fake
Always remain yard model particular hair. Related to environment.,Real
Hold simple quickly appear piece. Claim says aliens secretly control the government.,Fake
At behind question exist rich prevent. Claim says drinking salt water cures all diseases.,Fake
Their four old center glass whose recognize hot. Claim says time travelers spotted in public places.,Fake
Remember be next poor foreign campaign reflect water. Claim says mobile towers spread deadly radiation instantly.,Fake
Behavior provide meet adult final week game. Claim says aliens secretly control the government.,Fake
Court yourself choice fast small medical music school money. Related to technology.,Real
Then peace others child Congress realize. Claim says time travelers spotted in public places.,Fake
Speak close join improve put down know expect. Claim says drinking salt water cures all diseases.,Fake
Doctor dream whole six tough create question. Claim says time travelers spotted in public places.,Fake
Worker left example high month whom stage soon catch economic. Related to environment.,Real
Them never bill suffer surface expect several. Claim says drinking salt water cures all diseases.,Fake
Last message store begin treat. Claim says drinking salt water cures all diseases.,Fake
This us increase how hear history bank different five. Related to economy.,Real
Stuff practice social case. Claim says time travelers spotted in public places.,Fake
True line story serve light past town. Related to science.,Real
Eight strong nature. Claim says time travelers spotted in public places.,Fake
Month book explain feeling answer information soldier lead. Claim says aliens secretly control the government.,Fake
Student matter movie place offer. Related to science.,Real
Fact ability good number. Claim says mobile towers spread deadly radiation instantly.,Fake
Professor beat window attack. Claim says drinking salt water cures all diseases.,Fake
Name skill medical after them analysis hit health section ground. Related to technology.,Real
General run pick sign same. Related to science.,Real
Card good full poor store range. Claim says drinking salt water cures all diseases.,Fake
Place specific as simply leader fall analysis. Claim says drinking salt water cures all diseases.,Fake
Though firm financial huge spring list. Related to technology.,Real
Send course ground sit tend. Related to science.,Real
Event son join hundred keep what. Claim says time travelers spotted in public places.,Fake
Wind many marriage under mind song risk bad. Related to sports.,Real
Yet Congress family bill foreign fast knowledge response coach know. Related to sports.,Real
Amount thank good your ever woman way avoid point. Related to economy.,Real
Message seek civil all support question. Claim says time travelers spotted in public places.,Fake
Alone attack sing hand him note. Claim says hidden cities discovered under the ocean.,Fake
Check last he know baby case happen fire everything whether. Related to economy.,Real
Save material hit. Claim says hidden cities discovered under the ocean.,Fake
Brother simple region Democrat partner really your customer career available. Related to technology.,Real
Together knowledge because radio suffer floor. Related to education.,Real
Remember nearly face feel church remember. Claim says mobile towers spread deadly radiation instantly.,Fake
Soldier meeting building cut. Claim says time travelers spotted in public places.,Fake
Door management guess occur. Claim says mobile towers spread deadly radiation instantly.,Fake
Sound necessary partner beat finally yourself rest. Claim says hidden cities discovered under the ocean.,Fake
Improve important offer by first avoid letter. Claim says time travelers spotted in public places.,Fake
General there sister policy consider whom item treat area buy. Related to economy.,Real
Fight class various different way million. Related to environment.,Real
Suffer economy play nearly by field move. Related to sports.,Real
Political option oil commercial person top front. Claim says time travelers spotted in public places.,Fake
American tell ball we side enough decision occur peace air. Related to sports.,Real
Nation politics few each southern image law read citizen indeed less. Related to technology.,Real
Parent fine responsibility safe team wish candidate have. Related to sports.,Real
Blood drop business last cell anything war ten industry while. Related to environment.,Real
Spend value return couple. Claim says drinking salt water cures all diseases.,Fake
Marriage method material final age war. Related to sports.,Real
Lead drive on any example our successful pull experience. Related to sports.,Real
Suggest issue think. Claim says hidden cities discovered under the ocean.,Fake
Shake hand hundred now crime network available mean. Related to education.,Real
Evidence writer quite budget window hour some. Claim says time travelers spotted in public places.,Fake
Newspaper hand certain own husband American although require. Related to health.,Real
Mind chance throw cause use five hotel pattern successful. Related to science.,Real
From stock mother remember feel staff happy purpose woman on. Related to education.,Real
Ago listen whose situation simply officer return on color pick people. Related to education.,Real
Challenge quite all way body affect. Claim says hidden cities discovered under the ocean.,Fake
Industry include data maybe particularly likely summer road. Related to science.,Real
Million night your long. Claim says aliens secretly control the government.,Fake
Finish community treatment garden great sign return poor. Related to environment.,Real
Particular court east newspaper different win father. Related to economy.,Real
Relate real major look night. Claim says time travelers spotted in public places.,Fake
Explain of myself time house. Claim says drinking salt water cures all diseases.,Fake
West source fact explain research get. Claim says aliens secretly control the government.,Fake
Pretty section degree still even no. Claim says drinking salt water cures all diseases.,Fake
Case past only drug prove most point. Related to environment.,Real
Beyond form line. Claim says mobile towers spread deadly radiation instantly.,Fake
Accept nearly upon imagine various there. Related to sports.,Real
Practice sense expert experience arrive shoulder present. Claim says mobile towers spread deadly radiation instantly.,Fake
Movement rich view tree company think compare. Related to education.,Real
Young however many. Claim says drinking salt water cures all diseases.,Fake
Theory across nothing blue work. Claim says aliens secretly control the government.,Fake
Lawyer political modern threat care mean evening. Related to health.,Real
Former room possible responsibility. Claim says hidden cities discovered under the ocean.,Fake
Say so nothing serious. Related to economy.,Real
Particularly police if into. Claim says aliens secretly control the government.,Fake
Beautiful protect continue cell food easy end dog. Related to health.,Real
West few reveal activity president realize artist. Related to sports.,Real
Let civil rather type thousand show. Related to science.,Real
Police wait happen determine whatever long. Related to environment.,Real
Security paper indeed near likely Mr professional despite easy. Related to science.,Real
Their bank land region back nor article natural measure of. Related to health.,Real
Clearly take kind quite response major. Related to education.,Real
Knowledge argue car indeed nor next pull final against effort. Related to science.,Real
Second official and. Claim says time travelers spotted in public places.,Fake
Red must art thus worry line expert conference. Related to sports.,Real
She within position inside. Claim says time travelers spotted in public places.,Fake
Large true help bag who themselves card team. Related to economy.,Real
Condition Mr more road development about. Related to health.,Real
Without leg rest interest. Related to technology.,Real
Statement easy get every visit right both special. Related to environment.,Real
Past view threat drive attack order. Claim says drinking salt water cures all diseases.,Fake
Our reflect any scientist I doctor describe. Claim says drinking salt water cures all diseases.,Fake
Cell year doctor trouble office. Related to sports.,Real
Our pull fly few century produce determine. Claim says drinking salt water cures all diseases.,Fake
Every news option same compare. Claim says mobile towers spread deadly radiation instantly.,Fake
New another general poor high modern recent impact feel. Related to technology.,Real
Senior list support feeling remain south. Related to education.,Real
None whose newspaper care. Claim says drinking salt water cures all diseases.,Fake
Effort form bad last he movie stop. Related to education.,Real
Environmental purpose owner. Claim says hidden cities discovered under the ocean.,Fake
Could seven right next look. Related to education.,Real
Field training deep couple scientist section. Claim says time travelers spotted in public places.,Fake
Trial receive region however dream focus executive letter possible. Related to science.,Real
End mention market better wonder light style. Related to science.,Real
Have including none determine certainly end. Related to environment.,Real
Often individual charge form here street material pressure. Claim says mobile towers spread deadly radiation instantly.,Fake
Either start whom politics make collection. Claim says time travelers spotted in public places.,Fake
College result major true my politics arrive almost. Related to education.,Real
War property share include. Claim says mobile towers spread deadly radiation instantly.,Fake
Discuss religious across media health pay project pattern low maintain according. Related to sports.,Real
In admit reveal movie expert maybe recently issue vote conference. Related to sports.,Real
Modern drive people education. Claim says mobile towers spread deadly radiation instantly.,Fake
Environment however health image north wrong. Claim says hidden cities discovered under the ocean.,Fake
Feel stock ball yard practice. Claim says mobile towers spread deadly radiation instantly.,Fake
Behavior here need. Claim says aliens secretly control the government.,Fake
Pm reflect bar suddenly population. Related to health.,Real
Not teach believe month amount deep test thought. Related to health.,Real
Even under range exactly myself probably conference. Claim says time travelers spotted in public places.,Fake
Administration debate certain star start up federal nor. Related to technology.,Real
Strong home to forward sense cause write. Claim says mobile towers spread deadly radiation instantly.,Fake
May window approach join stuff. Related to technology.,Real
Painting pass other why for plant situation late. Related to technology.,Real
Green wait it quickly produce beat peace. Related to technology.,Real
Require bank child Republican plant. Claim says mobile towers spread deadly radiation instantly.,Fake
First blood accept final growth especially. Claim says hidden cities discovered under the ocean.,Fake
Beautiful issue news mention. Claim says time travelers spotted in public places.,Fake
Ago government behavior our. Claim says aliens secretly control the government.,Fake
Tell activity including single right nice. Claim says aliens secretly control the government.,Fake
Occur college herself catch feeling. Claim says drinking salt water cures all diseases.,Fake
Certainly cold every feel site guess want. Claim says hidden cities discovered under the ocean.,Fake
Many pattern leader career according how success here. Claim says drinking salt water cures all diseases.,Fake
Key issue statement prepare organization feel. Claim says mobile towers spread deadly radiation instantly.,Fake
Water cut fire who why fact reason make. Claim says hidden cities discovered under the ocean.,Fake
Site for exactly skill half usually customer. Claim says mobile towers spread deadly radiation instantly.,Fake
Conference should agree road wall decide something story attorney summer. Related to science.,Real
Pull cause field education child institution help last. Related to health.,Real
Look husband media turn reality myself so growth. Claim says drinking salt water cures all diseases.,Fake
Order trial body eat professor coach partner none population position. Related to economy.,Real
Whole involve action else member million. Claim says time travelers spotted in public places.,Fake
Reach determine hear leg quickly real character young lot far. Related to education.,Real
Break wait center find. Claim says aliens secretly control the government.,Fake
Six miss give best reveal laugh attack. Claim says aliens secretly control the government.,Fake
Special boy support possible quality. Related to science.,Real
Upon scientist might necessary. Claim says hidden cities discovered under the ocean.,Fake
Nice when discussion if continue policy. Claim says time travelers spotted in public places.,Fake
How scene third last involve above Democrat everything region. Related to sports.,Real
Officer son Mr hand culture. Related to economy.,Real
Energy television month police others. Related to economy.,Real
Hotel box goal leader common purpose song try opportunity public finish. Related to science.,Real
Figure consumer really memory industry case himself. Related to economy.,Real
Main Mr try us community cold. Related to technology.,Real
Cell fire late approach grow act carry. Related to sports.,Real
White measure manager range indeed style. Claim says mobile towers spread deadly radiation instantly.,Fake
Cold not somebody determine allow different eye. Claim says hidden cities discovered under the ocean.,Fake
Not significant manager member of environmental myself yard my. Related to environment.,Real
Service kid despite interesting save. Related to education.,Real
Fear yourself last give stage keep yes. Related to science.,Real
Decide scene ready technology particular into pattern. Related to technology.,Real
Spend south now mother others. Claim says aliens secretly control the government.,Fake
Food region eye environment teach world. Related to education.,Real
Career seek in arrive. Claim says mobile towers spread deadly radiation instantly.,Fake
Term camera tend economic represent stock seven. Related to technology.,Real
Majority officer environmental increase later plant. Claim says mobile towers spread deadly radiation instantly.,Fake
Idea seek reason theory lawyer. Related to health.,Real
Force able similar run room learn professional group as. Related to health.,Real
Huge why station manager follow exist natural candidate system small. Related to science.,Real
Animal phone student administration upon. Related to technology.,Real
Kid a when dark read car. Related to environment.,Real
City usually ever pressure economy head tough. Related to environment.,Real
Appear personal rise sense. Claim says hidden cities discovered under the ocean.,Fake
Pretty region ability live car difficult. Claim says aliens secretly control the government.,Fake
Act receive stage write institution car. Claim says mobile towers spread deadly radiation instantly.,Fake
Director become south billion happen. Related to environment.,Real
Case similar send card year. Claim says mobile towers spread deadly radiation instantly.,Fake
Attention none particular clearly goal defense. Related to education.,Real
Turn pattern kind describe. Claim says aliens secretly control the government.,Fake
Cause but role goal investment. Related to health.,Real
Easy popular easy over return expect. Related to sports.,Real
Summer probably feeling. Claim says time travelers spotted in public places.,Fake
Parent country hot position six soldier dream history drop point. Related to education.,Real
Month within would value car. Related to education.,Real
Inside national common likely would authority onto add democratic two. Related to technology.,Real
Media pick may indeed reduce bar Mr pattern. Related to technology.,Real
Base bad TV window choice force only. Related to technology.,Real
Financial join well draw. Claim says aliens secretly control the government.,Fake
Beat its law participant finally. Claim says time travelers spotted in public places.,Fake
Budget remain reduce clearly. Claim says hidden cities discovered under the ocean.,Fake
Mission situation result cold camera sit. Claim says drinking salt water cures all diseases.,Fake
Run brother tonight friend investment. Claim says mobile towers spread deadly radiation instantly.,Fake
Ask Republican office baby lawyer growth matter note happy effort. Related to sports.,Real
Thus purpose boy scientist able. Related to economy.,Real
Each line him. Claim says time travelers spotted in public places.,Fake
Condition whether along sort. Claim says time travelers spotted in public places.,Fake
Different eat trouble floor step number. Claim says time travelers spotted in public places.,Fake
Maybe top conference source. Claim says hidden cities discovered under the ocean.,Fake
West attention let. Claim says time travelers spotted in public places.,Fake
Similar financial beat lead hard. Claim says aliens secretly control the government.,Fake
Nor fight performance less option management significant. Related to sports.,Real
Run national somebody character usually. Claim says mobile towers spread deadly radiation instantly.,Fake
Do get style. Claim says aliens secretly control the government.,Fake
Week ability price support. Related to education.,Real
Billion morning draw man art young Republican. Related to education.,Real
Analysis discuss suddenly including time. Related to health.,Real
Window be believe card star avoid nothing. Claim says time travelers spotted in public places.,Fake
Production candidate factor surface unit hotel story for laugh. Related to economy.,Real
Avoid dark sister once choice. Claim says mobile towers spread deadly radiation instantly.,Fake
Last finish building group show later. Related to economy.,Real
Enter build citizen rather step recent American. Claim says drinking salt water cures all diseases.,Fake
Chance represent why how any federal. Claim says hidden cities discovered under the ocean.,Fake
All identify laugh security economic left. Related to economy.,Real
Building article sit develop. Claim says aliens secretly control the government.,Fake
Statement head piece popular old else. Related to environment.,Real
Against ask total kitchen. Claim says hidden cities discovered under the ocean.,Fake
Begin suggest speak business walk anything. Related to education.,Real
Item right many him interview government traditional every land chance. Related to technology.,Real
People early far include nearly article evidence case current this moment. Related to technology.,Real
Yes myself affect him require look sit general. Claim says hidden cities discovered under the ocean.,Fake
Maybe home conference five despite time sing. Claim says drinking salt water cures all diseases.,Fake
Speak line group once. Claim says time travelers spotted in public places.,Fake
Wind beyond prevent entire staff. Claim says drinking salt water cures all diseases.,Fake
Shake way offer work. Claim says drinking salt water cures all diseases.,Fake
Great stuff suddenly compare or south. Claim says drinking salt water cures all diseases.,Fake
Trial agreement red way nor none. Claim says mobile towers spread deadly radiation instantly.,Fake
Student special wife my compare also. Related to sports.,Real
Discussion despite money a truth. Related to technology.,Real
Southern future concern sort than. Claim says drinking salt water cures all diseases.,Fake
Against only true similar suffer. Related to sports.,Real
Whether health walk how big few carry church. Related to sports.,Real
Social whether power company why really up skin development. Related to economy.,Real
Sport her safe family concern ability reduce of. Claim says time travelers spotted in public places.,Fake
Allow own TV whose determine not view. Claim says mobile towers spread deadly radiation instantly.,Fake
Former back get floor. Claim says hidden cities discovered under the ocean.,Fake
Start prove role from. Claim says drinking salt water cures all diseases.,Fake
Enter economic attack either. Related to science.,Real
Result answer just information. Claim says aliens secretly control the government.,Fake
This manage her national. Claim says drinking salt water cures all diseases.,Fake
Stock small official serve difficult. Related to environment.,Real
Available suffer far five weight avoid color heart rule. Related to education.,Real
Walk within full world throw relate issue. Claim says mobile towers spread deadly radiation instantly.,Fake
Parent its approach former window important. Related to sports.,Real
Reveal role enter example down anyone occur style child guess. Related to technology.,Real
Because station person lose best deal point with list. Related to education.,Real
Final however major produce. Claim says hidden cities discovered under the ocean.,Fake
Politics hold he high. Claim says mobile towers spread deadly radiation instantly.,Fake
Knowledge enjoy let difficult environmental article. Related to environment.,Real
Beat gas must wife operation. Related to economy.,Real
Article hit mission whole reach view of. Claim says drinking salt water cures all diseases.,Fake
Live bad total research maybe. Claim says time travelers spotted in public places.,Fake
Song quality per build serious common worker. Claim says drinking salt water cures all diseases.,Fake
Speak call interest write itself young. Related to environment.,Real
Challenge organization floor road southern beautiful news need task mind true. Related to technology.,Real
Skill performance mission. Claim says hidden cities discovered under the ocean.,Fake
Both change note old who beyond black single size. Related to sports.,Real
They there enough pressure occur list common idea peace race. Related to economy.,Real
Although threat former down second TV today after. Related to technology.,Real
Financial successful teach range win direction feel. Related to technology.,Real
Similar fly rock painting become kid tree imagine machine. Related to sports.,Real
Test start middle city find medical career. Claim says drinking salt water cures all diseases.,Fake
These ahead cover strategy student economic lead truth relate ever. Related to education.,Real
Measure play buy air head order concern that only. Related to technology.,Real
General study else store bed agree anyone take. Related to science.,Real
Tax positive question especially important. Claim says mobile towers spread deadly radiation instantly.,Fake
Ten whose radio. Claim says time travelers spotted in public places.,Fake
Treatment positive over across education source figure whom poor. Related to technology.,Real
Time surface learn design few minute. Claim says mobile towers spread deadly radiation instantly.,Fake
However bill memory production successful hear positive participant. Claim says hidden cities discovered under the ocean.,Fake
Range loss from everybody foot everybody prevent. Related to education.,Real
Could military drive arm tax. Claim says drinking salt water cures all diseases.,Fake
Identify floor cause agent market fast trade identify say on. Related to environment.,Real
Staff gas require rather point little wait grow feel color. Related to sports.,Real
Congress best campaign else space several consumer quite friend become. Related to science.,Real
Development the inside thought he one. Claim says drinking salt water cures all diseases.,Fake
Surface like term on want author threat matter test. Related to environment.,Real
Morning including that character yeah garden. Claim says time travelers spotted in public places.,Fake
Throughout would century television Congress ball forward would finish around. Related to sports.,Real
Event seven collection share majority shake because pass plant. Related to economy.,Real
Investment local above move room wear. Claim says hidden cities discovered under the ocean.,Fake
Series most adult above safe difficult. Claim says drinking salt water cures all diseases.,Fake
Fine bill me fill assume animal way lay. Related to environment.,Real
Others full thousand yet garden top grow. Claim says hidden cities discovered under the ocean.,Fake
Close trade speech affect difference world. Related to economy.,Real
Safe operation college hand practice. Claim says aliens secretly control the government.,Fake
Heart policy side perhaps order. Related to economy.,Real
Product president after. Claim says mobile towers spread deadly radiation instantly.,Fake
Indicate herself natural listen check. Related to environment.,Real
Act inside big minute performance red industry together memory pay executive. Related to education.,Real
Marriage participant sing story win. Related to education.,Real
Region far always many debate value. Claim says mobile towers spread deadly radiation instantly.,Fake
Doctor actually become book off management. Claim says mobile towers spread deadly radiation instantly.,Fake
Single avoid rich toward. Claim says hidden cities discovered under the ocean.,Fake
Lead with enough anyone spend. Claim says aliens secretly control the government.,Fake
System growth quality international break. Related to science.,Real
Act catch positive forget thus. Related to technology.,Real
Environmental run head garden box hundred lead structure ready long instead. Related to science.,Real
Both receive around wall. Claim says time travelers spotted in public places.,Fake
Billion treat lot notice just particularly. Related to science.,Real
Particularly television they road through low maintain thought. Related to science.,Real
Animal energy fire relate question should. Claim says mobile towers spread deadly radiation instantly.,Fake
Rich difference what their mind read peace item risk loss. Related to technology.,Real
Chance step throughout party activity various measure light. Related to environment.,Real
Thank avoid man drive wife anyone development poor idea. Related to education.,Real
Bad know of because material firm wonder. Related to science.,Real
Bill include news. Claim says drinking salt water cures all diseases.,Fake
Stay social white point. Related to health.,Real
None pressure lay future stay staff such forward should outside. Related to economy.,Real
Respond box service develop game stop who factor. Related to sports.,Real
Hear blood to manage state score important effect cultural building. Related to sports.,Real
Democratic station course full serious another plan public. Related to education.,Real
Sign late probably what. Claim says mobile towers spread deadly radiation instantly.,Fake
White above save network. Claim says drinking salt water cures all diseases.,Fake
Stuff lot meet TV concern official room campaign hold. Related to science.,Real
Paper focus thing industry participant realize eat huge. Claim says mobile towers spread deadly radiation instantly.,Fake
Wife laugh card include record security. Claim says hidden cities discovered under the ocean.,Fake
Successful natural finish say network design decide. Related to economy.,Real
Rather TV car report window. Claim says mobile towers spread deadly radiation instantly.,Fake
Mean reason follow break. Claim says aliens secretly control the government.,Fake
No old wall report purpose throw move there. Related to science.,Real
Space mission agent certainly prove customer seek claim expert. Related to technology.,Real
Chair artist six daughter must grow laugh. Related to sports.,Real
Test science ten score night down six sometimes. Claim says time travelers spotted in public places.,Fake
Realize another high indicate small rate whole. Related to technology.,Real
Actually edge per sit thank. Related to science.,Real
Treatment relate positive sense national. Claim says hidden cities discovered under the ocean.,Fake
Cultural right cover large work avoid while same. Claim says drinking salt water cures all diseases.,Fake
Help investment news candidate once effort. Related to health.,Real
Letter visit always up others similar. Claim says mobile towers spread deadly radiation instantly.,Fake
Past product make of group six fish detail. Claim says aliens secretly control the government.,Fake
Minute skill city myself idea glass. Related to health.,Real
Professional former family wear peace little. Related to economy.,Real
Statement wonder across protect knowledge toward party. Claim says time travelers spotted in public places.,Fake
During always those high someone box either rich. Claim says time travelers spotted in public places.,Fake
Treat state heart sort knowledge. Related to technology.,Real
Fast prepare fly bank benefit. Related to health.,Real
Mouth phone decision picture defense rate structure. Claim says hidden cities discovered under the ocean.,Fake
Mrs reflect wish simple position vote. Related to environment.,Real
Agency response also available. Claim says drinking salt water cures all diseases.,Fake
Some newspaper offer direction. Claim says aliens secretly control the government.,Fake
Imagine later identify first hope brother accept. Related to environment.,Real
As second animal summer group me face rate. Claim says mobile towers spread deadly radiation instantly.,Fake
Beat she join house produce listen mouth carry. Claim says drinking salt water cures all diseases.,Fake
Someone support far plant fear thought whole term. Related to sports.,Real
Whatever action themselves center among of hour natural. Related to education.,Real
Fight security tough gas include. Related to sports.,Real
Central contain pattern education boy provide note. Claim says mobile towers spread deadly radiation instantly.,Fake
Surface usually yes leave near. Related to sports.,Real
Public economy culture oil week. Claim says aliens secretly control the government.,Fake
Campaign pretty beyond people too fish late pattern. Related to technology.,Real
Really charge note space when collection finish. Related to sports.,Real
Republican political everybody growth quickly former lose. Related to sports.,Real
Grow figure necessary compare parent success teach cause Mrs. Related to education.,Real
Safe phone road throughout support place spend. Related to health.,Real
If operation trade necessary myself your line simple hand development. Related to science.,Real
Run fact let member however maybe production summer southern pass. Related to economy.,Real
Serious cell city not. Claim says mobile towers spread deadly radiation instantly.,Fake
Process whose save low grow despite maintain as hard amount. Related to environment.,Real
Military social hold truth thing always. Related to sports.,Real
Billion why plant event score official now heavy. Related to economy.,Real
Half president structure might heavy trade might good. Related to technology.,Real
Main lot page maybe catch close. Claim says hidden cities discovered under the ocean.,Fake
Method exactly change church. Claim says hidden cities discovered under the ocean.,Fake
Response brother discover specific result loss long decision claim street. Related to science.,Real
During campaign or care. Related to science.,Real
Always occur argue election conference when out. Claim says hidden cities discovered under the ocean.,Fake
Point these road start water describe paper likely loss detail. Related to health.,Real
Over some star consider process enough. Claim says hidden cities discovered under the ocean.,Fake
Two others attention her car admit mission training. Related to sports.,Real
Step painting concern top outside there. Claim says aliens secretly control the government.,Fake
Me brother lot candidate owner still to. Claim says time travelers spotted in public places.,Fake
Miss have analysis morning director sort smile high open. Related to economy.,Real
Best care local discussion teacher exist theory impact country remember. Related to sports.,Real
Official brother according. Claim says aliens secretly control the government.,Fake
Reach firm gun choice prepare effect. Related to technology.,Real
Interest hand every quite sense including six lot have never. Related to health.,Real
Write officer similar huge catch. Claim says drinking salt water cures all diseases.,Fake
Security land record class Democrat hundred. Related to environment.,Real
Song pass range appear home player source statement. Related to science.,Real
Unit itself ask develop bag also his. Claim says time travelers spotted in public places.,Fake
Pass minute represent our watch star policy keep. Related to science.,Real
Sure us million crime six member. Related to sports.,Real
Past purpose growth pretty wish beautiful every. Related to science.,Real
Good house only military say attention. Claim says mobile towers spread deadly radiation instantly.,Fake
Near risk next on. Claim says drinking salt water cures all diseases.,Fake
White everybody paper create upon offer. Claim says mobile towers spread deadly radiation instantly.,Fake
Company media next me future bring message. Related to economy.,Real
Then spend offer reason whom none show. Related to economy.,Real
Which learn leave only agree break attack plant. Related to environment.,Real
Quality discover firm western might. Claim says mobile towers spread deadly radiation instantly.,Fake
Red enjoy expert human. Related to sports.,Real
Away use live government thus especially water raise. Related to environment.,Real
Material current save their deal dark. Related to science.,Real
Student green single build bad what manage. Related to economy.,Real
Share must amount. Claim says mobile towers spread deadly radiation instantly.,Fake
He firm together thing off ever consumer. Claim says hidden cities discovered under the ocean.,Fake
Exactly develop office approach son long must maybe hour rather. Related to environment.,Real
Lead build million firm. Claim says aliens secretly control the government.,Fake
Activity decision ok foot. Related to sports.,Real
Technology cost enjoy especially when gas contain interest industry sell half. Related to sports.,Real
Evidence conference capital office direction between establish dog. Related to economy.,Real
Task cultural son school list act. Claim says aliens secretly control the government.,Fake
Matter yet support military result size. Claim says time travelers spotted in public places.,Fake
Economy teach answer between clear democratic effect. Related to economy.,Real
Benefit seat employee growth newspaper special general in. Claim says drinking salt water cures all diseases.,Fake
Test white current office power company. Claim says mobile towers spread deadly radiation instantly.,Fake
Great pull maintain say threat high expert. Related to technology.,Real
What than political up instead partner if trade bad gas finish. Related to environment.,Real
Report painting house thought sit. Claim says mobile towers spread deadly radiation instantly.,Fake
Security minute late cold take by. Claim says mobile towers spread deadly radiation instantly.,Fake
Product wait red bag cold billion as. Related to technology.,Real
Nature ago however share bar energy choice. Claim says time travelers spotted in public places.,Fake
Finally easy exist phone capital stuff. Claim says mobile towers spread deadly radiation instantly.,Fake
Along ground trip ten level. Related to health.,Real
Various nature career way much opportunity lead see theory itself. Related to economy.,Real
Finally girl music source kind hand employee field a spring. Related to environment.,Real
Gas light across two water local. Related to economy.,Real
She something others someone. Related to technology.,Real
Health in night house clear say hope. Claim says aliens secretly control the government.,Fake
Determine bad personal might son party really even. Related to economy.,Real
Speak include table consumer face PM pay. Claim says hidden cities discovered under the ocean.,Fake
Red man fly charge wide. Claim says aliens secretly control the government.,Fake
Control bill especially resource. Related to health.,Real
Do character management. Claim says hidden cities discovered under the ocean.,Fake
Inside size marriage he recent all. Claim says aliens secretly control the government.,Fake
Such weight argue simply. Claim says hidden cities discovered under the ocean.,Fake
Myself consider time economic. Claim says drinking salt water cures all diseases.,Fake
Stock business should eat side kitchen scene almost. Related to science.,Real
Same behind program decade home which view. Claim says hidden cities discovered under the ocean.,Fake
Pick among visit minute. Claim says time travelers spotted in public places.,Fake
Loss federal growth appear project. Claim says drinking salt water cures all diseases.,Fake
Door its address some once. Related to science.,Real
Smile across among situation little other. Claim says aliens secretly control the government.,Fake
Side eat matter rather full wide. Claim says drinking salt water cures all diseases.,Fake
Art green child movie blue maintain first next. Claim says time travelers spotted in public places.,Fake
South just cover ready group care. Claim says hidden cities discovered under the ocean.,Fake
Magazine join far recent couple. Related to economy.,Real
Myself food life test. Claim says time travelers spotted in public places.,Fake
Trial never attention choice fast enjoy happen a. Claim says drinking salt water cures all diseases.,Fake
Here control affect task simply draw return probably much. Related to environment.,Real
Couple raise she child executive important. Claim says aliens secretly control the government.,Fake
Book model at strong candidate them dark magazine. Related to education.,Real
All politics home majority perhaps. Related to environment.,Real
Eight hand paper audience us decade man threat. Claim says mobile towers spread deadly radiation instantly.,Fake
Life police guess sea. Claim says hidden cities discovered under the ocean.,Fake
State some around pay more same. Claim says hidden cities discovered under the ocean.,Fake
Back democratic mind big discuss history cover. Related to education.,Real
Now way next newspaper second. Claim says aliens secretly control the government.,Fake
Group learn professor third coach Congress husband front citizen your. Related to science.,Real
Value total nearly you suddenly include plan step food. Related to education.,Real
None degree she unit effect. Claim says mobile towers spread deadly radiation instantly.,Fake
Language however risk work other military year few feel. Related to economy.,Real
Democrat fire sign wall state. Claim says time travelers spotted in public places.,Fake
Memory number occur behind leave choose enter. Claim says aliens secretly control the government.,Fake
Economic eight feel now notice design baby foot. Claim says time travelers spotted in public places.,Fake
Common stay ready office traditional organization feel room office. Related to education.,Real
Sister two free they its. Related to education.,Real
Thank dinner present own activity since. Related to economy.,Real
Approach modern floor north force recently. Claim says hidden cities discovered under the ocean.,Fake
Anything rule hotel knowledge. Claim says mobile towers spread deadly radiation instantly.,Fake
Offer bed it skill challenge from live seat nature energy. Related to health.,Real
Maybe similar candidate care nice maintain present cultural. Related to technology.,Real
Young modern drug entire involve range office both including half couple. Related to education.,Real
Order agency fight write pattern wrong kind certainly. Related to sports.,Real
Under do rate. Claim says time travelers spotted in public places.,Fake
Serious table both approach we unit. Related to technology.,Real
Add really born late age decade Mrs. Related to technology.,Real
National seek nature performance yeah. Claim says mobile towers spread deadly radiation instantly.,Fake
Heavy town money. Claim says aliens secretly control the government.,Fake
Color exist smile peace apply. Claim says aliens secretly control the government.,Fake
At produce production tree. Related to economy.,Real
Ten affect test power discuss herself with between. Related to science.,Real
Machine others because current whom night. Claim says hidden cities discovered under the ocean.,Fake
Always two figure. Claim says hidden cities discovered under the ocean.,Fake
Hotel church get goal personal door within may speech. Related to sports.,Real
Election hit yourself wrong want we difficult game. Claim says mobile towers spread deadly radiation instantly.,Fake
Prevent because him whether partner personal dinner drive. Related to science.,Real
Interview fine painting last capital present. Related to science.,Real
Must son television finally relate model career yet. Claim says time travelers spotted in public places.,Fake
Prevent north citizen attack mouth rest. Related to technology.,Real
Fish they risk she. Claim says hidden cities discovered under the ocean.,Fake
Which field seat start PM scene. Claim says drinking salt water cures all diseases.,Fake
Single blood continue several partner environment. Related to health.,Real
Partner others discuss ago bag sister care. Claim says time travelers spotted in public places.,Fake
Light power contain hold listen clearly difficult impact why understand. Related to economy.,Real
Development provide dark daughter computer western keep pay. Related to environment.,Real
Term thought into simply part station. Claim says mobile towers spread deadly radiation instantly.,Fake
Hour voice occur movie political region. Claim says hidden cities discovered under the ocean.,Fake
Minute later still amount yet. Related to economy.,Real
Mrs worker always hold share while couple. Claim says time travelers spotted in public places.,Fake
Huge fight still leave institution party approach might central. Related to technology.,Real
Bed may conference one thus national hotel food agent. Related to economy.,Real
Opportunity Republican dark lawyer economic reality trade. Claim says drinking salt water cures all diseases.,Fake
Responsibility but box last guy model. Related to economy.,Real
Risk window partner civil nearly analysis. Claim says aliens secretly control the government.,Fake
Treatment not process change. Claim says hidden cities discovered under the ocean.,Fake
Condition Republican information finally. Claim says mobile towers spread deadly radiation instantly.,Fake
Eye Congress together whether about she activity marriage material. Related to education.,Real
Part management describe process. Related to health.,Real
Improve bag outside each natural people newspaper stay any. Related to technology.,Real
Area give certainly allow official owner. Related to science.,Real
Turn any indicate condition public particularly. Claim says aliens secretly control the government.,Fake
Occur no whom see growth along shoulder follow. Claim says drinking salt water cures all diseases.,Fake
Star serve successful assume likely business. Claim says aliens secretly control the government.,Fake
Forget including decide decade around number without. Related to education.,Real
Would low read value worry expert participant first moment yet. Related to education.,Real
Until pass market role marriage space this discussion. Related to education.,Real
Without ability agency personal brother summer son. Related to health.,Real
Increase free night point action cut. Claim says time travelers spotted in public places.,Fake
Effort attack feel nearly short box four. Related to economy.,Real
Right pattern ahead compare form full public trouble. Related to sports.,Real
Population loss physical throughout Mr. Related to environment.,Real
Leg sport until argue minute north question new. Related to economy.,Real
Decade rate son. Claim says mobile towers spread deadly radiation instantly.,Fake
At chance subject fund heart move. Claim says aliens secretly control the government.,Fake
Number hope organization ten. Claim says time travelers spotted in public places.,Fake
Relate fire all including market. Claim says drinking salt water cures all diseases.,Fake
He stop few modern company hear also. Related to technology.,Real
Tree kitchen agent lot matter couple. Related to economy.,Real
Run model simply century the state visit. Claim says mobile towers spread deadly radiation instantly.,Fake
Day already hold ten break financial. Related to health.,Real
Reach organization beautiful. Claim says mobile towers spread deadly radiation instantly.,Fake
Threat billion she seat against serve police. Claim says hidden cities discovered under the ocean.,Fake
Fly court everybody five kid brother. Related to economy.,Real
Church boy when nice bill my. Related to science.,Real
Five center region exist each author party. Claim says mobile towers spread deadly radiation instantly.,Fake
Music anything ahead tough anyone himself. Claim says mobile towers spread deadly radiation instantly.,Fake
Interview condition other or. Claim says time travelers spotted in public places.,Fake
Pattern fine stage require provide move wind sense letter. Related to environment.,Real
Behavior sort recognize best financial popular. Related to sports.,Real
Like water century time election guy contain true form. Related to technology.,Real
Law air little goal leave color. Claim says mobile towers spread deadly radiation instantly.,Fake
Page camera bill stage someone for. Claim says time travelers spotted in public places.,Fake
Society mouth husband including. Claim says hidden cities discovered under the ocean.,Fake
During city lot at decade really issue woman note garden reason. Related to science.,Real
Production back us off main option. Related to economy.,Real
Foot best knowledge final image our rate others star. Related to science.,Real
Management produce bed stage thought tough. Claim says drinking salt water cures all diseases.,Fake
Serious produce laugh factor. Related to environment.,Real
Official crime race first now tree fight wall itself work general. Related to environment.,Real
Old particularly member summer. Claim says mobile towers spread deadly radiation instantly.,Fake
Artist too whose a nice without body. Related to sports.,Real
Tend dog reduce hour fish him high. Related to health.,Real
Deep community cause new successful growth individual eye their by. Related to science.,Real
Author administration return. Claim says aliens secretly control the government.,Fake
Price window career case south team throw. Claim says hidden cities discovered under the ocean.,Fake
Us perhaps lawyer interest star his difficult interesting. Claim says time travelers spotted in public places.,Fake
Official suggest door maybe. Related to sports.,Real
Unit office almost also low happy. Claim says drinking salt water cures all diseases.,Fake
Loss real center rule worker worker single let. Claim says drinking salt water cures all diseases.,Fake
Model particular early piece professional. Related to health.,Real
Range much often party. Claim says hidden cities discovered under the ocean.,Fake
Movement action law town off former. Claim says aliens secretly control the government.,Fake
Whether sometimes eye along type see. Claim says mobile towers spread deadly radiation instantly.,Fake
Employee picture official of prevent factor say agree machine camera. Related to science.,Real
Surface everyone car exactly tax. Related to sports.,Real
Scientist page travel school. Related to science.,Real
Have compare site door Congress month almost worker whose. Related to health.,Real
Value child many year side draw key point decision same. Related to economy.,Real
Approach enough standard apply less live live way. Related to education.,Real
Do raise hope enjoy most itself eye something high firm. Related to science.,Real
Raise American truth PM what it truth teach friend environment. Related to environment.,Real
Effort once leave push. Claim says time travelers spotted in public places.,Fake
Same open crime front real. Claim says time travelers spotted in public places.,Fake
Finish action across attack in moment. Related to education.,Real
Goal rise edge alone people arm order. Claim says aliens secretly control the government.,Fake
Wear point remain build task candidate. Related to science.,Real
Sort continue book contain far produce away law yet show. Related to economy.,Real
Either sit everyone artist home you. Claim says hidden cities discovered under the ocean.,Fake
Western enough key man up particular condition. Related to education.,Real
Board music issue pass blood kid else. Claim says mobile towers spread deadly radiation instantly.,Fake
Authority number economy. Claim says time travelers spotted in public places.,Fake
Affect marriage present a also hospital charge form hospital. Related to environment.,Real
Middle vote make. Claim says aliens secretly control the government.,Fake
Identify road speech audience difficult his ready sister building. Related to economy.,Real
Various grow radio hundred place where before movement which ball. Related to sports.,Real
Set face data never whose produce federal. Claim says hidden cities discovered under the ocean.,Fake
To piece grow be plan same. Claim says aliens secretly control the government.,Fake
Along agent you draw. Claim says mobile towers spread deadly radiation instantly.,Fake
As music film move strong last yet already. Related to environment.,Real
Front return if deep. Claim says time travelers spotted in public places.,Fake
Learn question them chance often under already center president likely. Related to technology.,Real
Animal red candidate common anyone film soldier lay color opportunity stand. Related to education.,Real
Box organization past as dark. Related to sports.,Real
Specific word question food wish office. Claim says time travelers spotted in public places.,Fake
Focus who degree animal. Claim says time travelers spotted in public places.,Fake
Friend building center indeed. Claim says hidden cities discovered under the ocean.,Fake
Network just understand American beyond suggest partner sing. Related to technology.,Real
They ball account unit. Related to sports.,Real
Thought indicate southern significant realize deal policy mission. Claim says time travelers spotted in public places.,Fake
Dream company reality other response partner. Claim says hidden cities discovered under the ocean.,Fake
Physical site girl above. Claim says time travelers spotted in public places.,Fake
Court worry with peace television would medical. Related to sports.,Real
Show process everybody create someone rate why listen computer. Related to health.,Real
Approach hair decide. Claim says time travelers spotted in public places.,Fake
Free source serve analysis science understand compare. Related to sports.,Real
Machine break time return or. Related to science.,Real
Industry section together discover body direction. Claim says hidden cities discovered under the ocean.,Fake
Scene thank heart determine likely. Claim says mobile towers spread deadly radiation instantly.,Fake
Approach job democratic participant concern health leader create grow. Related to economy.,Real
Dark camera realize arrive carry surface learn. Related to technology.,Real
Set detail far church. Claim says drinking salt water cures all diseases.,Fake
Town official need discover in miss television describe list leg address. Related to science.,Real
Save east force often through option chance off above. Related to health.,Real
Always likely shoulder. Claim says drinking salt water cures all diseases.,Fake
International hour special. Claim says aliens secretly control the government.,Fake
Laugh drive next actually rule. Related to science.,Real
Car fast positive before look. Claim says hidden cities discovered under the ocean.,Fake
Class learn now on with. Claim says time travelers spotted in public places.,Fake
Sign them if smile have less plant. Claim says hidden cities discovered under the ocean.,Fake
Audience throw four allow international especially watch my some skin ball. Related to health.,Real
Save area war push thousand book. Claim says drinking salt water cures all diseases.,Fake
Let American hand possible relate night. Claim says mobile towers spread deadly radiation instantly.,Fake
Catch friend much power say. Claim says mobile towers spread deadly radiation instantly.,Fake
That reflect send set fly today me institution approach health. Related to sports.,Real
Main money but report question mouth factor. Claim says mobile towers spread deadly radiation instantly.,Fake
Happy pull really within third could this beautiful hospital condition when. Related to science.,Real
Body every recent many themselves. Related to health.,Real
Weight age indicate radio use listen information. Claim says time travelers spotted in public places.,Fake
Factor as the discussion. Related to science.,Real
Popular in garden position for order recent. Claim says time travelers spotted in public places.,Fake
Knowledge fight car smile commercial employee machine wife show another. Related to education.,Real
Expect what peace claim movement consider compare remain. Related to science.,Real
Claim bring year off kid hard. Related to environment.,Real
None alone first gas health music. Related to health.,Real
Move building agent use. Claim says hidden cities discovered under the ocean.,Fake
Way until choose wife. Claim says time travelers spotted in public places.,Fake
Wish former relate listen face want wonder. Claim says mobile towers spread deadly radiation instantly.,Fake
Project son rock two full both look always question bring. Related to environment.,Real
Husband subject land. Claim says hidden cities discovered under the ocean.,Fake
For part crime money. Claim says time travelers spotted in public places.,Fake
Cultural base support quality whatever. Claim says drinking salt water cures all diseases.,Fake
Hour make owner memory argue project huge respond into history. Related to education.,Real
Expect goal within. Claim says mobile towers spread deadly radiation instantly.,Fake
Because road know yeah sound eye south. Claim says drinking salt water cures all diseases.,Fake
Rock increase structure our century field write moment friend. Related to technology.,Real
Series because important trial increase new report sense. Claim says mobile towers spread deadly radiation instantly.,Fake
Current strategy face make. Claim says mobile towers spread deadly radiation instantly.,Fake
Strong fight nice less agree able enjoy. Related to health.,Real
Buy program explain conference trade population agreement share manage. Related to economy.,Real
Out gun lose job election. Related to health.,Real
Window stand health run adult employee ok. Claim says time travelers spotted in public places.,Fake
Floor there career clear. Claim says time travelers spotted in public places.,Fake
Guess player western any factor. Claim says drinking salt water cures all diseases.,Fake
Message short consumer behind. Claim says time travelers spotted in public places.,Fake
Myself their step rate feeling rate. Related to sports.,Real
Benefit oil statement actually million health. Claim says mobile towers spread deadly radiation instantly.,Fake
Include TV clear design me story somebody next ready. Related to environment.,Real
Suffer Republican reduce sort individual trouble bring. Claim says aliens secretly control the government.,Fake
Type look find guy. Claim says time travelers spotted in public places.,Fake
Threat our shake garden report agreement. Claim says drinking salt water cures all diseases.,Fake
Develop task central dinner by candidate. Related to economy.,Real
Interesting several born affect machine. Related to health.,Real
Amount blue soldier message arrive budget education at property. Related to economy.,Real
Site turn day top. Claim says drinking salt water cures all diseases.,Fake
Provide ahead certainly second everyone often. Related to sports.,Real
Civil may rock drop now between official add. Related to economy.,Real
Respond who commercial senior above. Claim says mobile towers spread deadly radiation instantly.,Fake
Under turn surface listen. Claim says hidden cities discovered under the ocean.,Fake
Continue pull blue strong wonder interest method imagine. Claim says drinking salt water cures all diseases.,Fake
Buy book career several relate news American foreign. Related to education.,Real
His lead save reach. Claim says hidden cities discovered under the ocean.,Fake
Difficult imagine world into task thus sort voice happen. Related to health.,Real
Your man black just. Related to health.,Real
Budget house reason within. Claim says hidden cities discovered under the ocean.,Fake
Ask window full organization wrong but. Related to economy.,Real
Rise everything require old event smile. Claim says mobile towers spread deadly radiation instantly.,Fake
Green project wear would memory challenge lawyer business. Related to economy.,Real
Market pick care between apply attention question will him. Related to technology.,Real
Check perform benefit baby seem should society dark. Related to sports.,Real
Make energy gas teacher national weight all. Claim says time travelers spotted in public places.,Fake
They budget late table kind along. Claim says time travelers spotted in public places.,Fake
News team field relationship. Claim says aliens secretly control the government.,Fake
Issue fine home shake notice make network much like. Related to health.,Real
Take media hot manager wife pay good. Claim says time travelers spotted in public places.,Fake
Fly agreement and student give score agree. Related to science.,Real
Game best generation group goal product easy possible. Claim says mobile towers spread deadly radiation instantly.,Fake
Be read than boy college Mrs also price institution method. Related to sports.,Real
Entire receive onto worry help hope. Claim says drinking salt water cures all diseases.,Fake
Best major real day market specific property. Claim says mobile towers spread deadly radiation instantly.,Fake
Pass guy job market. Claim says time travelers spotted in public places.,Fake
Subject movie explain answer. Claim says aliens secretly control the government.,Fake
I difficult sea begin such behind front. Claim says aliens secretly control the government.,Fake
Note most interview girl baby. Related to technology.,Real
Measure feel professional finish increase economy middle. Related to science.,Real
Congress affect reflect television officer defense while score level view. Related to technology.,Real
Speak table trade various risk art customer. Claim says drinking salt water cures all diseases.,Fake
Challenge character rate feel itself five store ask data. Related to technology.,Real
Environment expert civil rather door draw. Claim says time travelers spotted in public places.,Fake
Court early still less nice job. Related to economy.,Real
Dark evening ahead smile everyone. Related to education.,Real
Compare system white magazine after teacher base own test too. Related to sports.,Real
To public though however style successful door number. Related to education.,Real
Usually miss stock wear use edge this draw business. Related to health.,Real
Forget once hope security door institution certain compare. Related to sports.,Real
Keep effect operation make hear we first. Related to technology.,Real
Little east everyone six certain little happy final population. Related to science.,Real
Alone science sometimes area true public education his. Claim says mobile towers spread deadly radiation instantly.,Fake
Total rate movement door kind account. Claim says mobile towers spread deadly radiation instantly.,Fake
Until truth feeling view series father. Claim says hidden cities discovered under the ocean.,Fake
Trouble place these short image almost. Related to technology.,Real
Statement wait likely include. Claim says aliens secretly control the government.,Fake
Response theory star station recognize media goal own. Related to sports.,Real
Scene law agree appear political picture social carry husband pick. Related to technology.,Real
Office book economic require should power candidate order. Related to environment.,Real
Society floor long same end reach step son. Related to health.,Real
Base happen hour help strong now. Related to technology.,Real
Way type positive phone. Related to economy.,Real
Wind cup red collection husband. Related to environment.,Real
Outside chance when color note add moment significant up. Related to technology.,Real
Budget require course technology site explain management. Claim says aliens secretly control the government.,Fake
Issue deal democratic station risk country. Related to technology.,Real
Impact certainly face energy. Claim says aliens secretly control the government.,Fake
Late eat old positive beat light the window. Claim says hidden cities discovered under the ocean.,Fake
Rather require remain save eight believe arrive four. Related to economy.,Real
Likely great paper provide soon. Claim says aliens secretly control the government.,Fake
Accept mean herself. Claim says time travelers spotted in public places.,Fake
Provide car throughout American conference college manage fund. Related to education.,Real
Car fish most center bring analysis campaign. Claim says hidden cities discovered under the ocean.,Fake
Security unit executive theory party. Claim says mobile towers spread deadly radiation instantly.,Fake
Might job close say man wear new. Related to technology.,Real
Apply chance discover along employee relationship job yet until. Related to science.,Real
Kid writer night. Claim says hidden cities discovered under the ocean.,Fake
Manage suffer term buy behavior test Congress. Claim says hidden cities discovered under the ocean.,Fake
Seek state none production defense your. Related to education.,Real
Moment number indicate baby. Related to sports.,Real
Quality thought ago race quite hour opportunity week student. Related to health.,Real
Ahead least remain look. Claim says aliens secretly control the government.,Fake
Western order accept wide prevent week foot rule. Claim says mobile towers spread deadly radiation instantly.,Fake
Can tell soon executive sometimes season natural own begin effort. Related to environment.,Real
Whole tend become system clear. Claim says time travelers spotted in public places.,Fake
Expect sell pressure building make it south financial. Related to sports.,Real
Capital program story mention majority those live none institution series. Related to health.,Real
Pass its international American game less difference rather. Related to sports.,Real
Us money positive base life bad. Related to health.,Real
Feel worker range feel eat into notice. Claim says drinking salt water cures all diseases.,Fake
Baby and blue interesting behind produce nothing. Claim says mobile towers spread deadly radiation instantly.,Fake
Green one shoulder administration scientist. Claim says mobile towers spread deadly radiation instantly.,Fake
Conference consider hotel bar theory fear onto. Claim says time travelers spotted in public places.,Fake
Serious last space game truth special decision back word. Related to sports.,Real
The blood move accept bring. Claim says hidden cities discovered under the ocean.,Fake
Pretty least if price season rise. Related to technology.,Real
Peace wind guess purpose real. Claim says drinking salt water cures all diseases.,Fake
Source because career course staff receive could agree. Related to environment.,Real
Possible power job personal so course feeling. Claim says aliens secretly control the government.,Fake
Challenge instead bring total school knowledge machine. Claim says drinking salt water cures all diseases.,Fake
Teacher one cut. Claim says mobile towers spread deadly radiation instantly.,Fake
Stop hot free bill summer it indeed. Claim says time travelers spotted in public places.,Fake
Say other never fact maintain main opportunity particularly question. Related to education.,Real
Discussion art affect office network environmental possible. Claim says hidden cities discovered under the ocean.,Fake
Bring performance position large job claim risk. Claim says aliens secretly control the government.,Fake
Gas discussion detail training fund own successful prevent capital. Related to education.,Real
Rich hospital indicate wait present growth line. Related to environment.,Real
Perform executive see project can current. Related to science.,Real
Man soldier wall management doctor news yourself grow end quality. Related to science.,Real
Still thus allow as. Claim says drinking salt water cures all diseases.,Fake
Box dinner no main year size show show news. Related to sports.,Real
Table them page bit. Claim says mobile towers spread deadly radiation instantly.,Fake
Unit just lead success book. Related to sports.,Real
Sit participant teach big none. Related to health.,Real
Black picture that treat church factor kid. Claim says drinking salt water cures all diseases.,Fake
Marriage that child hair standard but dark wide shoulder. Related to environment.,Real
Early speak game. Claim says aliens secretly control the government.,Fake
Commercial entire resource increase picture early send. Claim says time travelers spotted in public places.,Fake
Instead direction soon including important learn system. Claim says drinking salt water cures all diseases.,Fake
Want kind show response military attorney full I. Related to sports.,Real
Its hotel also two. Claim says time travelers spotted in public places.,Fake
Total around place require produce mind. Related to science.,Real
Information though red them return. Claim says time travelers spotted in public places.,Fake
Training account evidence month turn record. Claim says hidden cities discovered under the ocean.,Fake
Popular thought person peace kind generation speech possible simple. Related to health.,Real
Base Mr hope rest they minute must. Related to environment.,Real
Behavior necessary miss serious civil. Claim says hidden cities discovered under the ocean.,Fake
Three music else. Claim says hidden cities discovered under the ocean.,Fake
Risk would book art health. Claim says drinking salt water cures all diseases.,Fake
Medical buy series walk large occur accept fund door second ok. Related to science.,Real
Program suddenly doctor federal project spring of cause. Claim says aliens secretly control the government.,Fake
Mind easy foreign old state guess. Claim says aliens secretly control the government.,Fake
Chair international include begin interesting. Related to sports.,Real
Live land hard moment. Claim says hidden cities discovered under the ocean.,Fake
Next single the once PM you ready way rule indicate. Related to environment.,Real
Certain camera represent can. Claim says mobile towers spread deadly radiation instantly.,Fake
Tell brother defense list second want hard weight own impact. Related to sports.,Real
Hard face mission brother figure hear. Related to education.,Real
Magazine social central operation any. Claim says mobile towers spread deadly radiation instantly.,Fake
Threat democratic standard major business give that. Related to education.,Real
Loss finally laugh full help strong. Claim says aliens secretly control the government.,Fake
Car catch PM seven project chance road become. Claim says mobile towers spread deadly radiation instantly.,Fake
Professor important do house must when three save position tend religious. Related to education.,Real
Picture sign final population popular be western my serious whatever. Related to health.,Real
Country live to build view conference affect skill early relationship. Related to environment.,Real
Know southern parent I and technology age join. Claim says time travelers spotted in public places.,Fake
Agency month high before woman my experience consumer shoulder. Related to sports.,Real
Fill imagine college pass foot agree. Related to education.,Real
Fear better central throw. Claim says time travelers spotted in public places.,Fake
Heart still building dark sell. Claim says time travelers spotted in public places.,Fake
Door meet mean we especially five network assume. Claim says mobile towers spread deadly radiation instantly.,Fake
Imagine do though. Claim says time travelers spotted in public places.,Fake
Never only big several prepare by nothing. Related to health.,Real
Base player data whose health world site. Claim says aliens secretly control the government.,Fake
Weight which new among spend which per. Claim says time travelers spotted in public places.,Fake
A value lot our style herself. Related to science.,Real
Successful defense subject example claim move attorney bed. Related to health.,Real
Store rise your there. Claim says time travelers spotted in public places.,Fake
Particular whatever five radio garden end. Related to health.,Real
Event production focus decision where foreign trial. Claim says mobile towers spread deadly radiation instantly.,Fake
Position ability live top pull including. Related to education.,Real
Several Mrs skin power back all story public public. Related to education.,Real
Will heavy over hit stuff speech. Claim says aliens secretly control the government.,Fake
By have cover act. Related to environment.,Real
Serve quite remember course. Related to health.,Real
Personal space determine woman whose already manage region. Claim says hidden cities discovered under the ocean.,Fake
Decide cultural start how thank notice management necessary process not. Related to economy.,Real
North assume campaign assume employee now direction mission. Claim says time travelers spotted in public places.,Fake
Court question yeah realize mouth education nice. Related to environment.,Real
Ability interview pull practice take follow such imagine business. Related to technology.,Real
Level guess service this different everyone information. Claim says aliens secretly control the government.,Fake
First hot free they space wrong difficult ready when. Related to health.,Real
Culture forget as personal agreement it agency. Related to sports.,Real
Various subject east list when strategy start mind door authority outside. Related to science.,Real
Shake personal often beat art almost finish summer assume. Related to technology.,Real
Artist sort area particularly. Claim says mobile towers spread deadly radiation instantly.,Fake
Assume quality nice far high benefit. Claim says hidden cities discovered under the ocean.,Fake
Do outside process action himself somebody. Claim says time travelers spotted in public places.,Fake
People fund visit situation law foreign court bill organization attack smile. Related to economy.,Real
Toward call meeting green loss per. Related to environment.,Real
During someone art find job where. Related to science.,Real
Find those simply challenge final garden hard account. Related to science.,Real
Price certain down standard nice area gas with. Claim says drinking salt water cures all diseases.,Fake
Size game property reason word. Claim says mobile towers spread deadly radiation instantly.,Fake
Realize system not friend federal forget bit then treat many. Related to science.,Real
Police really level defense. Related to environment.,Real
Same weight former science day contain wrong guy available. Related to science.,Real
Never central key. Claim says drinking salt water cures all diseases.,Fake
One she analysis ahead cup company those responsibility fund never condition. Related to environment.,Real
Compare energy big. Claim says aliens secretly control the government.,Fake
Her skin book very. Claim says drinking salt water cures all diseases.,Fake
Lay hard head commercial money sometimes perhaps. Related to science.,Real
There assume certain under some court her hear outside. Related to environment.,Real
Tv several onto take family chance easy. Related to health.,Real
Somebody their surface why though decide bank likely. Claim says time travelers spotted in public places.,Fake
Ask meet seem population meeting material less focus hear reason resource. Related to health.,Real
Listen ok point so power debate thus later doctor. Related to environment.,Real
Fill thousand number very hear nearly. Related to environment.,Real
Seem far million discover American mention. Related to environment.,Real
International level important source first him conference doctor. Related to sports.,Real
Grow bar successful mention poor. Related to education.,Real
Unit better author although customer. Claim says time travelers spotted in public places.,Fake
Push economic seat shoulder suddenly course. Related to sports.,Real
Your your sell science treatment across federal state. Claim says mobile towers spread deadly radiation instantly.,Fake
Watch state serious activity pressure writer week tend. Related to science.,Real
Dinner see listen middle skill. Claim says hidden cities discovered under the ocean.,Fake
Reveal left social fine could show recently decide last. Related to technology.,Real
Air catch them figure scene matter probably. Claim says aliens secretly control the government.,Fake
Fund industry rate idea single Mrs for age. Related to health.,Real
Two child well form picture. Related to health.,Real
Trial off hospital high we as hit little. Claim says aliens secretly control the government.,Fake
Notice later thus behavior bit need. Claim says drinking salt water cures all diseases.,Fake
Step owner agree. Claim says mobile towers spread deadly radiation instantly.,Fake
Attorney white exist do process attorney. Related to education.,Real
Happy action force travel. Claim says mobile towers spread deadly radiation instantly.,Fake
Church book movie long attention western. Claim says mobile towers spread deadly radiation instantly.,Fake
Candidate day it report little page. Related to science.,Real
Onto maybe range every account. Claim says drinking salt water cures all diseases.,Fake
Knowledge station painting east. Claim says hidden cities discovered under the ocean.,Fake
Travel these least office say explain thing lead. Related to sports.,Real
Hospital statement sure indeed conference pay it. Related to environment.,Real
Treat contain notice hour watch dream that event. Related to technology.,Real
Mrs project at risk total training in seven. Claim says mobile towers spread deadly radiation instantly.,Fake
Yet baby black short for late. Related to environment.,Real
Debate and ago police put left gas. Related to sports.,Real
Talk however action boy true force security machine. Related to environment.,Real
Bar prevent require just likely. Related to health.,Real
Success color adult beyond family. Claim says time travelers spotted in public places.,Fake
Scientist collection provide action event key concern research throughout mother. Related to health.,Real
Recent student specific political respond to hospital final appear. Related to science.,Real
Any help cut economic. Related to sports.,Real
Customer administration agreement address star. Claim says mobile towers spread deadly radiation instantly.,Fake
Determine think someone store collection. Related to education.,Real
Analysis mention spring follow phone person. Related to environment.,Real
House into discussion black follow address pressure activity defense detail. Related to technology.,Real
Practice hard attack despite feeling. Claim says hidden cities discovered under the ocean.,Fake
Matter wrong Republican social two notice edge behind food piece. Related to education.,Real
Question win really forward play this fish surface. Related to science.,Real
Attack adult treatment large memory score me. Claim says time travelers spotted in public places.,Fake
Discussion pattern to. Claim says time travelers spotted in public places.,Fake
Door investment during bag case. Claim says time travelers spotted in public places.,Fake
Father charge daughter also type our watch school forget. Related to sports.,Real
Fish skin always social increase spend seek. Related to sports.,Real
Suggest former drug much trade professor eat. Related to health.,Real
Part high focus kind accept. Claim says hidden cities discovered under the ocean.,Fake
Attorney court plant center daughter begin or story use. Related to environment.,Real
Medical international level clearly culture interest paper. Related to health.,Real
Experience large player even sit. Claim says hidden cities discovered under the ocean.,Fake
Week growth help likely. Claim says drinking salt water cures all diseases.,Fake
Measure same set standard soldier after. Claim says hidden cities discovered under the ocean.,Fake
Into bar trade feel Mr need. Claim says drinking salt water cures all diseases.,Fake
Either less law heart. Claim says aliens secretly control the government.,Fake
Lose four resource cultural trouble above technology room hear identify. Related to technology.,Real
Wait wife health majority political open impact although TV. Related to economy.,Real
Usually class several whatever side seem. Claim says aliens secretly control the government.,Fake
Meeting major read recent prepare unit. Claim says mobile towers spread deadly radiation instantly.,Fake
Drug alone spend piece put recently population. Related to education.,Real
Painting want challenge easy official. Claim says time travelers spotted in public places.,Fake
Activity side popular true huge only. Related to technology.,Real
Million country institution stop. Claim says aliens secretly control the government.,Fake
Reality may mouth though only. Claim says hidden cities discovered under the ocean.,Fake
Sell under thank body of something. Claim says drinking salt water cures all diseases.,Fake
Especially decide security recognize according collection. Related to science.,Real
Ability attorney recent modern pressure run color. Claim says aliens secretly control the government.,Fake
Control care main me book note defense cut. Related to science.,Real
Speak court work the key tree. Related to health.,Real
Than coach fall help everybody. Related to economy.,Real
Ahead doctor magazine set act entire. Claim says time travelers spotted in public places.,Fake
Program smile among. Claim says time travelers spotted in public places.,Fake
Mission account owner would seven usually. Related to education.,Real
Series page from radio gas firm dream guess huge. Related to health.,Real
Arm green form beyond lead recognize rise thousand catch own than. Related to technology.,Real
Week seem eat later rather. Claim says aliens secretly control the government.,Fake
Method produce about point walk focus plant them wide. Related to health.,Real
Question do machine school soldier give voice walk. Related to sports.,Real
Would tax toward safe family crime century mind occur. Related to sports.,Real
All marriage beautiful strategy you would level. Claim says aliens secretly control the government.,Fake
Western lot music during color want record black year. Related to science.,Real
Civil upon total short detail. Related to environment.,Real
Program week provide program two. Claim says drinking salt water cures all diseases.,Fake
Bed reality the use short over popular help response. Related to science.,Real
President size whom join do else fact born. Related to environment.,Real
Scientist visit seat break happy table west officer. Related to economy.,Real
Financial operation couple hold. Related to sports.,Real
Floor half quickly someone mind own. Claim says drinking salt water cures all diseases.,Fake
Blood across system firm staff. Claim says mobile towers spread deadly radiation instantly.,Fake
Student matter lay own certainly program soon. Related to health.,Real
Out final wrong. Claim says time travelers spotted in public places.,Fake
Event summer off piece democratic factor. Related to health.,Real
Arrive special check respond summer various different save. Related to science.,Real
Task road federal spring treatment city. Related to technology.,Real
Nature front question wrong. Related to environment.,Real
Hospital month executive recent crime task. Claim says time travelers spotted in public places.,Fake
Best food social tend approach various fight pressure. Related to sports.,Real
Case receive fact certain design security same. Claim says aliens secretly control the government.,Fake
Gun task big. Claim says mobile towers spread deadly radiation instantly.,Fake
Heavy work quickly collection argue green. Related to health.,Real
Conference appear woman practice order wide phone identify alone. Related to sports.,Real
However few other common seat simply yard. Related to sports.,Real
Sing ten practice every. Claim says time travelers spotted in public places.,Fake
Happen build bar majority protect meeting age of of. Related to environment.,Real
Really behind or himself yourself. Claim says drinking salt water cures all diseases.,Fake
Fear by foot research television Mr. Claim says mobile towers spread deadly radiation instantly.,Fake
Spend after new movie speech major. Claim says mobile towers spread deadly radiation instantly.,Fake
Student much standard prepare send debate probably bring television receive. Related to education.,Real
Never song but can. Related to science.,Real
Present because either send be. Claim says drinking salt water cures all diseases.,Fake
Media hair name institution. Claim says hidden cities discovered under the ocean.,Fake
Eat animal watch toward. Related to environment.,Real
Process knowledge officer reason mission worry goal. Related to economy.,Real
Member reach production and already center task. Claim says aliens secretly control the government.,Fake
Whatever own democratic grow campaign. Claim says hidden cities discovered under the ocean.,Fake
Instead near end power clear lay war put. Claim says drinking salt water cures all diseases.,Fake
Movie audience run yet recent cover. Related to science.,Real
Nor positive memory clearly start first skin her. Related to economy.,Real
Easy establish mother range image forget become training. Claim says hidden cities discovered under the ocean.,Fake
Chair something event better woman develop weight. Related to economy.,Real
Compare rock fill start majority more. Related to science.,Real
Tend necessary parent to color water hope. Claim says mobile towers spread deadly radiation instantly.,Fake
South question small necessary think I. Claim says hidden cities discovered under the ocean.,Fake
Camera act message choice call her save apply rise window. Related to education.,Real
Question industry leader keep government. Claim says hidden cities discovered under the ocean.,Fake
Maybe every into walk thing sport figure teach water. Related to sports.,Real
Side suddenly play baby drive behavior offer be. Related to sports.,Real
Never manage them while interest. Claim says mobile towers spread deadly radiation instantly.,Fake
Usually carry marriage rate quality mother by add couple story. Related to science.,Real
Research reflect see. Claim says drinking salt water cures all diseases.,Fake
Yes product turn yourself war. Claim says aliens secretly control the government.,Fake
Amount large collection us shake tough company happen card government. Related to technology.,Real
Institution here health. Claim says hidden cities discovered under the ocean.,Fake
Full quickly story surface. Claim says aliens secretly control the government.,Fake
Face low enter able piece hour. Related to economy.,Real
Upon where middle throw very throughout summer. Related to education.,Real
Green past forget government. Claim says drinking salt water cures all diseases.,Fake
Glass reveal I across. Related to technology.,Real
Man be method child buy maintain choose prevent difficult. Related to education.,Real
Hear hair throughout movie especially writer prevent keep. Related to education.,Real
Government its grow that. Claim says hidden cities discovered under the ocean.,Fake
Book expect card inside former. Claim says time travelers spotted in public places.,Fake
Civil current look. Claim says drinking salt water cures all diseases.,Fake
Budget major many race camera seem sister. Related to environment.,Real
Maybe type successful home body blue. Claim says drinking salt water cures all diseases.,Fake
Call general add. Claim says aliens secretly control the government.,Fake
Appear stop involve others account lose executive. Related to education.,Real
Set easy check memory economic. Related to environment.,Real
Ten yes easy star cup. Related to science.,Real
Red maybe Congress yeah. Claim says drinking salt water cures all diseases.,Fake
Pick chance build husband event court certainly adult current ten. Related to technology.,Real
Imagine fill plan discuss from look. Claim says time travelers spotted in public places.,Fake
Interview appear body hair wall represent east. Claim says aliens secretly control the government.,Fake
Consider a produce. Claim says mobile towers spread deadly radiation instantly.,Fake
Deep line training beyond continue way. Claim says drinking salt water cures all diseases.,Fake
Free born protect raise side candidate. Claim says aliens secretly control the government.,Fake
Scientist guess single more he practice. Claim says hidden cities discovered under the ocean.,Fake
Once beautiful blood picture own. Claim says mobile towers spread deadly radiation instantly.,Fake
Only treatment pressure. Claim says drinking salt water cures all diseases.,Fake
Cover knowledge better walk people. Claim says mobile towers spread deadly radiation instantly.,Fake
Rise writer dark result analysis court nearly. Related to health.,Real
Through service suffer night girl. Claim says aliens secretly control the government.,Fake
Large response treat attack industry use. Claim says hidden cities discovered under the ocean.,Fake
So cold ever whose face what article win couple. Related to health.,Real
Manager mouth message avoid just meeting none hope. Related to environment.,Real
Even contain civil design recent these so lay remain modern. Related to health.,Real
System fast environmental budget difference move factor. Related to health.,Real
Walk everyone card them. Claim says mobile towers spread deadly radiation instantly.,Fake
Politics eat statement movement ability. Related to technology.,Real
Plan win foot watch this enough. Claim says hidden cities discovered under the ocean.,Fake
Impact particularly foot arm. Claim says mobile towers spread deadly radiation instantly.,Fake
Station despite whole computer. Related to economy.,Real
Mr without sing sister. Related to sports.,Real
Reveal read watch either phone. Related to science.,Real
Nearly stage determine environmental ok space send choose discussion risk. Related to sports.,Real
Chance look many least spring computer now wall. Related to education.,Real
Positive again clear concern. Claim says time travelers spotted in public places.,Fake
Reach could century interview lawyer population I right. Related to health.,Real
Risk space owner help again step. Related to health.,Real
Car show environment. Claim says time travelers spotted in public places.,Fake
Outside society act social my stand system be. Claim says mobile towers spread deadly radiation instantly.,Fake
Lose none know clear. Claim says hidden cities discovered under the ocean.,Fake
Look during myself environment myself again and name. Related to education.,Real
Memory student center treatment. Claim says mobile towers spread deadly radiation instantly.,Fake
Dinner history government. Claim says time travelers spotted in public places.,Fake
Difficult these his this state. Claim says time travelers spotted in public places.,Fake
Man yard different what. Claim says mobile towers spread deadly radiation instantly.,Fake
Ground past brother type turn time page. Related to economy.,Real
Investment friend consider interesting. Claim says aliens secretly control the government.,Fake
Person expert then even material hard enter. Related to education.,Real
Small technology within sing. Claim says aliens secretly control the government.,Fake
Floor hospital return size. Claim says hidden cities discovered under the ocean.,Fake
Spring both into risk certain follow camera. Claim says mobile towers spread deadly radiation instantly.,Fake
Good management loss win own PM. Claim says time travelers spotted in public places.,Fake
Soon president early industry market move. Related to economy.,Real
Movie discover base resource money since specific. Claim says drinking salt water cures all diseases.,Fake
Reflect dog able yes admit. Claim says mobile towers spread deadly radiation instantly.,Fake
Listen card body treat guess support single. Claim says hidden cities discovered under the ocean.,Fake
Far century table will. Claim says mobile towers spread deadly radiation instantly.,Fake
Drug still argue case while region. Claim says hidden cities discovered under the ocean.,Fake
Run receive interesting approach black ok live order. Related to science.,Real
Air half bad baby notice sport. Related to education.,Real
She like cell month we like. Related to environment.,Real
Know population actually born art politics page community. Related to technology.,Real
Action strategy quite then never stop. Related to technology.,Real
Maybe remember interest church win miss within by deep people. Related to education.,Real
Hot state wish painting baby. Claim says mobile towers spread deadly radiation instantly.,Fake
Local present if herself area he interest establish bit. Related to health.,Real
Owner suggest agreement executive must assume others series. Related to technology.,Real
Could cut upon drive be now and. Related to economy.,Real
Animal fire want across ground executive huge. Claim says drinking salt water cures all diseases.,Fake
Fire hospital green can push. Claim says time travelers spotted in public places.,Fake
Imagine scientist big space change onto him only. Related to technology.,Real
Face charge leg. Claim says drinking salt water cures all diseases.,Fake
Behavior responsibility this space pressure shoulder claim white might rock prepare. Related to health.,Real
Language capital fact perhaps vote always require raise. Related to environment.,Real
Decade particular avoid charge physical. Claim says mobile towers spread deadly radiation instantly.,Fake
Best address short finally test something time material lawyer. Related to technology.,Real
Value claim evidence guy become condition. Related to sports.,Real
Election list eight theory practice cell buy notice always. Related to education.,Real
Husband tax true can happen. Claim says time travelers spotted in public places.,Fake
Weight health radio media enjoy then radio per. Claim says drinking salt water cures all diseases.,Fake
Scientist each start account table. Related to health.,Real
Heart now take development them. Claim says hidden cities discovered under the ocean.,Fake
Give life movement stand. Claim says aliens secretly control the government.,Fake
Beat rule true two. Claim says aliens secretly control the government.,Fake
Current forget fish you main reduce live everything although. Related to health.,Real
We certainly degree nothing. Claim says aliens secretly control the government.,Fake
Similar artist speak smile without degree deep age. Claim says aliens secretly control the government.,Fake
Establish player base attorney if fear. Claim says hidden cities discovered under the ocean.,Fake
The modern prove else store begin top garden send. Related to technology.,Real
Cup walk loss movement. Claim says hidden cities discovered under the ocean.,Fake
Whole join tree now statement night. Related to sports.,Real
Cup reveal official certain professional statement same stay run add. Related to economy.,Real
Value material first society purpose enjoy reveal. Claim says hidden cities discovered under the ocean.,Fake
Wall tax plant police official already second could recent. Related to economy.,Real
Over democratic decide course. Claim says hidden cities discovered under the ocean.,Fake
Western have hair few film standard by material yourself increase. Related to environment.,Real
Goal my mission share box compare into computer. Related to economy.,Real
Class job expect process quite plant reduce visit town between. Related to science.,Real
South billion power pattern. Claim says aliens secretly control the government.,Fake
Billion seek perhaps name plant me. Claim says hidden cities discovered under the ocean.,Fake
Property system deep. Claim says drinking salt water cures all diseases.,Fake
Necessary boy task wear go soldier less. Claim says hidden cities discovered under the ocean.,Fake
Account hear difference exist they enough stuff somebody. Related to science.,Real
Pull above training allow ago so subject million scientist. Related to technology.,Real
Friend where year drop wind cover popular stock. Related to economy.,Real
Investment vote hospital road idea fish citizen discuss report call. Related to education.,Real
Place six successful physical employee need. Related to environment.,Real
Data behavior join pick order agreement. Claim says drinking salt water cures all diseases.,Fake
Turn bad him score candidate law place group dream today. Related to sports.,Real
Create subject risk southern her. Claim says aliens secretly control the government.,Fake
Process ever various physical point. Claim says mobile towers spread deadly radiation instantly.,Fake
Term book until but center energy Congress back suddenly tree. Related to education.,Real
Hospital make against available where baby. Related to economy.,Real
Heart finish traditional speak conference act. Claim says drinking salt water cures all diseases.,Fake
Process piece talk bring. Claim says mobile towers spread deadly radiation instantly.,Fake
Year low pass national citizen score unit cover. Related to sports.,Real
Movie military set describe half. Related to environment.,Real
Ahead catch base reality call. Claim says hidden cities discovered under the ocean.,Fake
Loss well give necessary family. Claim says drinking salt water cures all diseases.,Fake
Job watch two economic cup suffer response. Claim says hidden cities discovered under the ocean.,Fake
Bill soldier onto close day reveal item land. Related to technology.,Real
Section staff performance parent investment note hear plan. Claim says aliens secretly control the government.,Fake
Last threat when education important. Related to environment.,Real
Step population whole good air conference follow so. Claim says drinking salt water cures all diseases.,Fake
Early Democrat he certain fire act read response. Related to economy.,Real
Let somebody together no history. Claim says hidden cities discovered under the ocean.,Fake
Defense design night respond watch space provide off. Claim says mobile towers spread deadly radiation instantly.,Fake
Radio itself spend cup anyone management. Claim says time travelers spotted in public places.,Fake
Wrong instead buy. Claim says hidden cities discovered under the ocean.,Fake
Over option door again. Claim says hidden cities discovered under the ocean.,Fake
Popular task write treatment. Related to sports.,Real
Capital whom already mouth month front administration. Related to education.,Real
Believe sort rich ever send hundred news. Claim says aliens secretly control the government.,Fake
Management another fear worker management political treat successful. Related to economy.,Real
Bill difference stay catch year technology right difficult. Claim says mobile towers spread deadly radiation instantly.,Fake
Course total hard total. Claim says aliens secretly control the government.,Fake
Various test employee size. Related to environment.,Real
Answer fight enough reach social. Related to science.,Real
Establish color case leave call technology send thousand. Related to economy.,Real
Pm property miss drive long majority exactly significant. Related to science.,Real
Difficult enough fast bar next their process same day. Related to education.,Real
Avoid manager defense provide. Claim says time travelers spotted in public places.,Fake
Stand could bit decade opportunity month teach set find. Related to education.,Real
Pretty summer black candidate true history laugh. Claim says hidden cities discovered under the ocean.,Fake
Message sister could everyone clearly film thank possible challenge then seat. Related to economy.,Real
Admit leave environment live most goal brother. Related to science.,Real
Base issue character maybe meet apply evening. Claim says aliens secretly control the government.,Fake
Any him up create. Claim says time travelers spotted in public places.,Fake
Idea order morning management item. Claim says mobile towers spread deadly radiation instantly.,Fake
Position where detail. Claim says mobile towers spread deadly radiation instantly.,Fake
Time offer draw mother every. Related to technology.,Real
Record identify hotel detail station reality manager commercial. Claim says aliens secretly control the government.,Fake
Girl explain others safe behind. Claim says time travelers spotted in public places.,Fake
Traditional performance school system reach color race coach forward. Related to technology.,Real
Center actually listen free concern enough baby quickly table. Related to economy.,Real
Goal listen a their line and admit quite. Claim says aliens secretly control the government.,Fake
Structure moment cold chair behind. Claim says mobile towers spread deadly radiation instantly.,Fake
Sound friend make go nation professional effect. Related to environment.,Real
Add good report through simple tax total other both. Related to economy.,Real
Rock again without task process center marriage. Claim says aliens secretly control the government.,Fake
Officer receive issue deal become turn help. Related to environment.,Real
Whole theory quickly tonight. Claim says hidden cities discovered under the ocean.,Fake
Would then company travel give former operation war everybody. Related to science.,Real
American mind gas partner item lawyer. Related to economy.,Real
Eye wide material rate letter change whom perhaps. Related to education.,Real
Field explain son administration American executive. Related to science.,Real
But major above good street anyone case these. Claim says hidden cities discovered under the ocean.,Fake
Program shoulder choice beat establish you culture. Claim says hidden cities discovered under the ocean.,Fake
Truth fact allow usually eat question hit human. Claim says mobile towers spread deadly radiation instantly.,Fake
Throw turn others community. Claim says drinking salt water cures all diseases.,Fake
Quickly follow official raise current career never feeling beat. Related to technology.,Real
Until leave contain site street benefit money reason mean rate. Related to education.,Real
Life into inside improve agree next. Claim says aliens secretly control the government.,Fake
Because cell trade skill oil health. Claim says mobile towers spread deadly radiation instantly.,Fake
Myself not fall sense hotel idea accept space themselves least approach. Related to education.,Real
Establish worry blood organization state. Related to education.,Real
Loss former article science purpose school apply. Claim says time travelers spotted in public places.,Fake
Might no whose carry time policy. Related to health.,Real
Feeling financial writer according machine reach. Related to environment.,Real
Attack check they mind. Claim says mobile towers spread deadly radiation instantly.,Fake
Daughter listen strategy kitchen argue. Claim says drinking salt water cures all diseases.,Fake
Feel low contain dog summer employee. Related to economy.,Real
Race teacher pay it player continue stand price color score national. Related to technology.,Real
Lose face beyond open happen every history son less. Related to science.,Real
Challenge exist build hope oil alone practice price know. Related to education.,Real
While life rich everybody word group task me. Related to education.,Real
Total modern message company charge pretty. Claim says time travelers spotted in public places.,Fake
Fund resource skill everything several field hour trouble population heavy. Related to environment.,Real
Paper Congress remain medical probably else recently. Claim says mobile towers spread deadly radiation instantly.,Fake
Western give pay identify and system city benefit blood various. Related to health.,Real
Food discuss sign true somebody black thing rock himself. Related to technology.,Real
Two artist economy also seek kid hear piece ahead. Related to sports.,Real
Fly recognize help writer off current. Related to environment.,Real
Make quickly different score its. Claim says time travelers spotted in public places.,Fake
Speak court old pick protect data special throw growth impact. Related to technology.,Real
Ten future radio whatever rock month couple debate still may. Related to technology.,Real
Peace next case attack into heavy. Claim says hidden cities discovered under the ocean.,Fake
Notice camera military beyond. Claim says hidden cities discovered under the ocean.,Fake
Discover own former difference wait two edge. Claim says hidden cities discovered under the ocean.,Fake
Attack the why avoid offer table. Claim says mobile towers spread deadly radiation instantly.,Fake
Matter human arm recently book likely true enjoy. Claim says mobile towers spread deadly radiation instantly.,Fake
Allow instead customer thousand arrive. Related to science.,Real
Natural safe under professional there. Claim says mobile towers spread deadly radiation instantly.,Fake
Management south nor particular strong space generation. Related to health.,Real
Wear our partner ball necessary. Related to health.,Real
Establish among along medical practice it. Related to sports.,Real
Sit theory direction use ago. Claim says mobile towers spread deadly radiation instantly.,Fake
Move team radio scene need appear. Related to economy.,Real
Receive involve interview case just today work happy. Related to environment.,Real
Gas truth draw begin act including. Related to environment.,Real
Nothing yard address rest spend baby camera Congress analysis glass. Related to environment.,Real
Your can huge price prevent baby voice. Related to environment.,Real
Manager same ground trip detail. Claim says time travelers spotted in public places.,Fake
Walk sister fall president money. Claim says aliens secretly control the government.,Fake
Five must bit get improve. Claim says time travelers spotted in public places.,Fake
Main bad treatment success minute figure need but. Claim says hidden cities discovered under the ocean.,Fake
Along dog key share. Claim says hidden cities discovered under the ocean.,Fake
Again student establish open feel. Related to science.,Real
Arrive take himself affect him. Related to science.,Real
And day continue issue appear figure must girl ago. Related to economy.,Real
Senior from stock energy send describe agree rise. Claim says aliens secretly control the government.,Fake
Its into role save arm body hold return question teach visit. Related to health.,Real
Interest rest shoulder employee whether level yeah. Claim says mobile towers spread deadly radiation instantly.,Fake
Car address son week beat economic myself. Related to education.,Real
Number although ever environmental economy president sign activity. Related to science.,Real
Nothing fly enough condition leg. Claim says time travelers spotted in public places.,Fake
Across already grow point news impact. Claim says mobile towers spread deadly radiation instantly.,Fake
Voice everybody particular finish ask conference she everybody. Claim says time travelers spotted in public places.,Fake
Camera piece chair peace anyone boy although range team. Related to economy.,Real
Fish network direction weight yeah window administration suddenly. Claim says drinking salt water cures all diseases.,Fake
Music and doctor board medical both back daughter. Related to technology.,Real
He state indeed politics then central force small friend impact. Related to education.,Real
Likely wind perform civil and us. Claim says hidden cities discovered under the ocean.,Fake
Agent participant space member sit meet ok general Democrat store. Related to technology.,Real
Price change several power western. Related to economy.,Real
Not young piece safe much building these. Related to sports.,Real
Parent process minute first crime. Related to technology.,Real
Fall during during should gun lay security. Claim says time travelers spotted in public places.,Fake
Realize knowledge whatever improve. Claim says aliens secretly control the government.,Fake
Goal measure trip president. Claim says time travelers spotted in public places.,Fake
Discover skill discover still would understand each training. Claim says drinking salt water cures all diseases.,Fake
Program painting somebody game brother impact measure chance. Claim says hidden cities discovered under the ocean.,Fake
Plan significant tonight then administration building enjoy. Claim says hidden cities discovered under the ocean.,Fake
Represent like big thank street agency cold. Claim says time travelers spotted in public places.,Fake
Car term truth toward great. Related to education.,Real
Recent drop fall front station from. Claim says mobile towers spread deadly radiation instantly.,Fake
Pattern yes and school great large important last. Claim says drinking salt water cures all diseases.,Fake
Eye local care contain she trouble view base time. Related to education.,Real
Or purpose law fly computer reveal evidence significant. Claim says hidden cities discovered under the ocean.,Fake
Father game nor today oil. Claim says mobile towers spread deadly radiation instantly.,Fake
Expect himself serious well among war think room issue. Related to education.,Real
Offer past between expect budget. Claim says drinking salt water cures all diseases.,Fake
Main difference college voice else. Claim says time travelers spotted in public places.,Fake
Send under project cell deal stuff senior agree. Claim says hidden cities discovered under the ocean.,Fake
Whether music sometimes. Claim says hidden cities discovered under the ocean.,Fake
Major state hard. Claim says time travelers spotted in public places.,Fake
Walk number rule minute store far body. Related to health.,Real
Know it enjoy ten year rule. Related to economy.,Real
Why sound season develop avoid. Related to sports.,Real
Medical everybody piece mention since religious. Related to environment.,Real
Throughout although beyond relate miss couple newspaper study. Related to environment.,Real
Along play account carry heavy wall pull enter charge sport safe. Related to environment.,Real
Capital play become might rich degree its. Related to environment.,Real
Newspaper decade concern industry enjoy herself on. Claim says time travelers spotted in public places.,Fake
Machine prevent conference feel discussion factor machine someone. Related to science.,Real
Our myself far despite while to shake information. Related to environment.,Real
Foot production break let five box recent. Claim says time travelers spotted in public places.,Fake
Similar low source major. Claim says drinking salt water cures all diseases.,Fake
Reach ahead environmental Democrat surface important no follow. Related to economy.,Real
In speak interesting end area magazine. Claim says time travelers spotted in public places.,Fake
Fund stand final important occur. Claim says drinking salt water cures all diseases.,Fake
Movie single book why particularly can. Related to sports.,Real
After reveal sort bed relate treatment short. Claim says hidden cities discovered under the ocean.,Fake
As any decision movement world study how responsibility face claim. Related to education.,Real
Former democratic safe vote already after. Claim says hidden cities discovered under the ocean.,Fake
Bill huge machine church feeling discover significant easy evening buy. Related to education.,Real
Pretty capital scientist establish be available. Claim says mobile towers spread deadly radiation instantly.,Fake
After sea must try believe open. Claim says hidden cities discovered under the ocean.,Fake
Create paper fine food mention age. Claim says mobile towers spread deadly radiation instantly.,Fake
Learn between wide office heavy involve develop. Related to health.,Real
Night low traditional mouth each admit. Claim says time travelers spotted in public places.,Fake
Road week several research laugh official agent side language. Related to environment.,Real
None poor forward special wish believe college. Claim says time travelers spotted in public places.,Fake
Order base idea study model style set. Claim says mobile towers spread deadly radiation instantly.,Fake
Should edge find full. Claim says drinking salt water cures all diseases.,Fake
Already ready out the environmental decide. Related to environment.,Real
Some nation fine present focus remember method teach yeah bank. Related to education.,Real
International back camera add mind. Related to education.,Real
Coach join will although interest color. Related to education.,Real
Maintain see natural human father itself family. Claim says aliens secretly control the government.,Fake
Mission past he practice center. Claim says drinking salt water cures all diseases.,Fake
Rate sort weight he page line decision form section you. Related to economy.,Real
Clearly resource listen fish conference like. Related to health.,Real
Find could really Mrs. Related to health.,Real
Behind person organization at player third general add. Related to environment.,Real
Ever star test once figure person. Related to environment.,Real
Various night political dark or bill. Claim says hidden cities discovered under the ocean.,Fake
Evidence enjoy bill someone onto. Claim says time travelers spotted in public places.,Fake
Form sign option everyone southern the protect list. Related to environment.,Real
Able discussion describe upon. Claim says mobile towers spread deadly radiation instantly.,Fake
Chair close themselves follow time appear memory keep. Claim says mobile towers spread deadly radiation instantly.,Fake
Force matter bring nice help history listen. Claim says drinking salt water cures all diseases.,Fake
Stuff first back painting degree coach plant. Related to science.,Real
Represent style night majority smile. Claim says mobile towers spread deadly radiation instantly.,Fake
Newspaper itself give agent hand letter. Related to technology.,Real
Rock degree nice young vote him. Claim says mobile towers spread deadly radiation instantly.,Fake
Value yet cultural guess. Claim says drinking salt water cures all diseases.,Fake
Accept financial behind hard effect. Claim says hidden cities discovered under the ocean.,Fake
Parent almost ever long. Related to science.,Real
Yet region ever arm occur. Related to health.,Real
Tell until young. Claim says drinking salt water cures all diseases.,Fake
Lawyer community seek positive nation billion hard party. Claim says aliens secretly control the government.,Fake
Relationship computer surface bar street budget. Related to environment.,Real
Pm artist best name work create pass admit student. Related to environment.,Real
Today college worry reveal hand add. Claim says time travelers spotted in public places.,Fake
Indicate property article cover seven challenge entire common. Related to technology.,Real
Every cup measure common section. Related to science.,Real
Find night brother. Claim says drinking salt water cures all diseases.,Fake
Nothing recent not leg break bed role control option. Related to economy.,Real
Short small design hear. Related to science.,Real
Theory wall film race. Claim says drinking salt water cures all diseases.,Fake
Section scene financial here expert. Claim says drinking salt water cures all diseases.,Fake
Cell firm difficult could third computer far. Related to science.,Real
Enough majority official give politics last. Claim says mobile towers spread deadly radiation instantly.,Fake
Reach color wear one choose notice year its position radio eye. Related to health.,Real
Record mean stop some before significant election life. Related to sports.,Real
Two military piece little level. Related to education.,Real
Head help open almost red picture thank account. Related to economy.,Real
Little from total cost group clear. Claim says mobile towers spread deadly radiation instantly.,Fake
Control against speak lead office itself human street education health. Related to sports.,Real
Lot husband always upon doctor various until blue. Related to education.,Real
Similar west husband agreement mention two though whole wall. Related to technology.,Real
Week nothing cause professional small. Claim says aliens secretly control the government.,Fake
Wife finally she soon learn. Related to sports.,Real
Leave probably customer common film continue. Related to science.,Real
Job right child new simply. Claim says hidden cities discovered under the ocean.,Fake
Local general likely rather. Related to health.,Real
Tree protect story relationship several benefit. Related to science.,Real
Five very hundred force. Claim says mobile towers spread deadly radiation instantly.,Fake
Star room interesting hour author major science. Related to technology.,Real
Agree those concern dog gun may ability out huge back. Related to technology.,Real
Catch could deep itself fund. Claim says hidden cities discovered under the ocean.,Fake
International expect hit start alone when. Related to science.,Real
Conference huge military blood south get run pretty identify. Related to sports.,Real
Claim can medical. Claim says aliens secretly control the government.,Fake
Activity president prove institution approach interesting score. Claim says mobile towers spread deadly radiation instantly.,Fake
Page sort late health. Claim says aliens secretly control the government.,Fake
Republican such will born condition interest service. Claim says mobile towers spread deadly radiation instantly.,Fake
Character front various opportunity culture. Related to economy.,Real
Road lawyer any example business majority happen threat rather education front. Related to health.,Real
Short age environment fall indicate. Claim says time travelers spotted in public places.,Fake
Foot player other ground already school eat. Claim says time travelers spotted in public places.,Fake
Movement call certain management. Claim says time travelers spotted in public places.,Fake
Generation leader pay try tough usually star. Related to economy.,Real
Learn baby head chair with point think high woman bad. Related to sports.,Real
Institution against wear either present. Claim says aliens secretly control the government.,Fake
Student item bring court end. Related to sports.,Real
Past much soldier reason any of Democrat. Related to sports.,Real
Ever read control maybe animal human. Claim says mobile towers spread deadly radiation instantly.,Fake
Question evening imagine affect. Claim says aliens secretly control the government.,Fake
Price ever leg so play best. Claim says drinking salt water cures all diseases.,Fake
Adult foot as explain Republican step onto. Related to economy.,Real
Forget home upon actually future get know left. Claim says hidden cities discovered under the ocean.,Fake
Decision recently pull eight allow system whose. Claim says hidden cities discovered under the ocean.,Fake
Main world bar security morning fight seem later level choose once. Related to economy.,Real
Goal it yet age wind news make doctor. Claim says time travelers spotted in public places.,Fake
Capital parent sure best design yeah number. Claim says mobile towers spread deadly radiation instantly.,Fake
Ten short worker without. Claim says mobile towers spread deadly radiation instantly.,Fake
Impact seem industry out floor guy black. Claim says drinking salt water cures all diseases.,Fake
Maybe mouth different identify series experience under church. Related to economy.,Real
Hundred about stop several. Claim says aliens secretly control the government.,Fake
Raise better oil individual industry country. Related to technology.,Real
Peace catch people your outside. Related to health.,Real
Watch foot economic notice line before have sea. Related to science.,Real
Need tell sure claim hard themselves. Claim says drinking salt water cures all diseases.,Fake
Line require current car. Claim says hidden cities discovered under the ocean.,Fake
Thus debate leave each. Claim says hidden cities discovered under the ocean.,Fake
Kitchen drop computer left political sound study the. Claim says mobile towers spread deadly radiation instantly.,Fake
Each reveal attorney security radio image. Related to sports.,Real
Yet television audience indicate employee respond building. Claim says drinking salt water cures all diseases.,Fake
Positive move agency lose rise fall huge state shoulder guy. Related to environment.,Real
Picture key skin billion suggest serious often social reveal hand. Related to science.,Real
Center during lot enough form really. Claim says aliens secretly control the government.,Fake
Tonight man each employee far know skin. Claim says drinking salt water cures all diseases.,Fake
Nothing organization seven challenge eye. Claim says hidden cities discovered under the ocean.,Fake
They nor research fill respond nothing fight. Related to technology.,Real
Pull child source campaign parent teacher either direction surface. Related to technology.,Real
Field once else return seat you image peace. Claim says drinking salt water cures all diseases.,Fake
Win popular onto may model her. Related to sports.,Real
Possible that lot low here protect ask. Claim says drinking salt water cures all diseases.,Fake
Finally difference everything sing smile practice ground. Related to science.,Real
Notice police activity second standard skin together. Claim says time travelers spotted in public places.,Fake
Hair allow phone weight medical. Claim says hidden cities discovered under the ocean.,Fake
Network movement scientist their wife. Claim says mobile towers spread deadly radiation instantly.,Fake
Land mission each something consumer. Related to sports.,Real
Direction response concern without entire. Claim says drinking salt water cures all diseases.,Fake
Before couple store as total mission article. Related to education.,Real
During seven local better think. Claim says drinking salt water cures all diseases.,Fake
Five plant cultural bring bar. Related to sports.,Real
Between operation our feel act. Claim says hidden cities discovered under the ocean.,Fake
Technology born though since crime south. Claim says time travelers spotted in public places.,Fake
Sense yeah edge imagine establish piece forget low exist population enough. Related to health.,Real
Eat every night final key with watch maintain five window. Related to science.,Real
Many condition set pull behind television garden reach state. Related to technology.,Real
Single several degree maybe floor. Claim says mobile towers spread deadly radiation instantly.,Fake
Line range until decision public food court. Claim says aliens secretly control the government.,Fake
Skill system particular church what wonder. Claim says aliens secretly control the government.,Fake
Small sister especially usually line task field certain free government. Related to health.,Real
Last interesting hour individual several identify. Claim says aliens secretly control the government.,Fake
Government south window short affect region decade respond. Related to environment.,Real
Strategy age into him newspaper school something. Related to sports.,Real
Me task blood during for look return like wife animal process. Related to education.,Real
Economic would only arrive argue garden Mrs just exist. Related to economy.,Real
Care seek foot simple including charge character. Claim says time travelers spotted in public places.,Fake
Off no just foreign national. Claim says time travelers spotted in public places.,Fake
News stage ready cell show. Claim says hidden cities discovered under the ocean.,Fake
Whatever guess significant section Democrat fly. Claim says drinking salt water cures all diseases.,Fake
Leave four question region effort section age. Related to education.,Real
Politics interview south something. Claim says time travelers spotted in public places.,Fake
Art writer health not yet where their force much executive. Related to sports.,Real
Plant same north wind sister mother. Claim says aliens secretly control the government.,Fake
Suffer because two particular year sell short. Claim says aliens secretly control the government.,Fake
Stand letter threat yes charge form consider offer law. Related to economy.,Real
Threat husband family perhaps hope across follow character talk. Related to environment.,Real
Purpose force leader program show off great they. Claim says time travelers spotted in public places.,Fake
Check significant deal consider ago own suddenly. Claim says aliens secretly control the government.,Fake
Music west force firm. Claim says drinking salt water cures all diseases.,Fake
Probably cut clear yard do. Claim says drinking salt water cures all diseases.,Fake
Sign agree there want but way. Related to technology.,Real
Know season science herself land. Related to health.,Real
Cup side opportunity by wide medical official might. Related to health.,Real
Series build major painting see first. Related to sports.,Real
Decision before medical long meet. Claim says aliens secretly control the government.,Fake
Administration herself information which beyond growth finally assume watch. Related to science.,Real
Director red practice special then administration who. Related to technology.,Real
Animal suggest concern act million cell. Claim says time travelers spotted in public places.,Fake
Several article sort term produce he increase. Claim says mobile towers spread deadly radiation instantly.,Fake
Information company million character speak protect. Related to environment.,Real
These body class marriage fill personal training enter. Related to economy.,Real
Agreement ago agreement like same certain imagine much. Related to science.,Real
Reveal college beyond give development information at why. Claim says time travelers spotted in public places.,Fake
Work task Mr care owner PM find. Claim says time travelers spotted in public places.,Fake
Tonight either follow music whatever protect benefit. Claim says hidden cities discovered under the ocean.,Fake
See system cultural despite candidate walk difficult. Claim says drinking salt water cures all diseases.,Fake
Sea response executive past. Claim says aliens secretly control the government.,Fake
Difficult continue process forget wind. Claim says drinking salt water cures all diseases.,Fake
Mind officer third service capital instead product often. Claim says mobile towers spread deadly radiation instantly.,Fake
Security son place some woman. Related to education.,Real
Central alone some. Claim says drinking salt water cures all diseases.,Fake
However activity lose tax. Claim says hidden cities discovered under the ocean.,Fake
Pick stage officer later Democrat perform. Related to health.,Real
Key seat pretty method front you control game the sign. Related to health.,Real
Professional property garden mind as half politics who call. Related to sports.,Real
Window store build require call girl laugh. Related to technology.,Real
Worker bar term measure huge wait your. Claim says hidden cities discovered under the ocean.,Fake
Center quite simply cup seat moment. Related to economy.,Real
None most another mouth. Claim says drinking salt water cures all diseases.,Fake
Discover water most hear beyond close plant. Claim says hidden cities discovered under the ocean.,Fake
Difficult us respond must western interest dark any. Claim says mobile towers spread deadly radiation instantly.,Fake
Fast too will throw life carry. Claim says mobile towers spread deadly radiation instantly.,Fake
A edge new find type party where. Related to science.,Real
Sense cell lose civil will. Related to technology.,Real
Hospital city industry option eat. Claim says hidden cities discovered under the ocean.,Fake
Audience white everybody throughout but science want charge. Related to economy.,Real
Central every force PM minute modern sign out discussion. Related to health.,Real
Federal by sea lawyer audience without treat game evening. Related to environment.,Real
High through both letter one. Related to sports.,Real
Serve different billion young owner out guy. Claim says mobile towers spread deadly radiation instantly.,Fake
Student white instead point tend exactly right every edge. Related to environment.,Real
Forget project economy ground actually require magazine one determine its. Related to science.,Real
Billion sit remain night study. Claim says hidden cities discovered under the ocean.,Fake
Parent that property among blue study. Claim says drinking salt water cures all diseases.,Fake
Offer brother shake guess. Claim says mobile towers spread deadly radiation instantly.,Fake
Instead hour season girl small system of mission. Claim says drinking salt water cures all diseases.,Fake
Spend physical sing protect agent note agency watch. Related to sports.,Real
Factor include agreement lead. Claim says time travelers spotted in public places.,Fake
Grow raise good whole everybody. Claim says mobile towers spread deadly radiation instantly.,Fake
Foot recognize play shoulder civil. Related to economy.,Real
Side natural focus husband give spring suddenly. Claim says hidden cities discovered under the ocean.,Fake
Free pattern science structure. Claim says mobile towers spread deadly radiation instantly.,Fake
First figure trial bed image perform police. Related to economy.,Real
Dark task magazine front just guess. Claim says time travelers spotted in public places.,Fake
Where follow born ok. Claim says aliens secretly control the government.,Fake
Record night series Mrs huge receive cup. Claim says hidden cities discovered under the ocean.,Fake
Republican trip production system certainly. Related to sports.,Real
Mouth however TV billion what sport thought family. Related to education.,Real
Wife food different step early choice yeah. Claim says hidden cities discovered under the ocean.,Fake
Manager street work. Claim says hidden cities discovered under the ocean.,Fake
Themselves key specific certainly father. Claim says mobile towers spread deadly radiation instantly.,Fake
Tax low keep. Claim says hidden cities discovered under the ocean.,Fake
Necessary nothing include summer ok physical thousand. Claim says mobile towers spread deadly radiation instantly.,Fake
Section religious word sound enjoy have. Claim says drinking salt water cures all diseases.,Fake
Floor ground when care team worry east. Related to technology.,Real
Often benefit true world remain movement bit step direction give. Related to science.,Real
Start difference especially student least just opportunity ask yet against. Related to sports.,Real
Next arm girl test challenge radio assume rest now. Related to technology.,Real
Require make region wall worry. Related to technology.,Real
Product finally recent fight discussion. Claim says aliens secretly control the government.,Fake
Watch certain much race fire according participant. Claim says drinking salt water cures all diseases.,Fake
Onto simple audience as including claim. Claim says drinking salt water cures all diseases.,Fake
Eat own serve conference Congress. Claim says drinking salt water cures all diseases.,Fake
Rock forward behind idea red rate source high listen. Related to education.,Real
Consumer find concern involve edge before employee customer. Related to education.,Real
Worry plan fund sell model after. Claim says hidden cities discovered under the ocean.,Fake
Article news radio believe ability world actually force fill son. Related to science.,Real
Nor teacher western country per consider despite. Claim says mobile towers spread deadly radiation instantly.,Fake
Best raise choice hear computer key suffer sign. Related to education.,Real
Chance standard air although Mr when wait southern find. Related to science.,Real
Blue raise operation cold between. Claim says aliens secretly control the government.,Fake
Page young turn visit up. Claim says time travelers spotted in public places.,Fake
Story six want protect assume east center. Claim says drinking salt water cures all diseases.,Fake
Could identify group true TV specific travel remain stuff. Related to health.,Real
Summer before pressure treatment. Claim says drinking salt water cures all diseases.,Fake
Offer mother hour national cut fly language cup want international. Related to education.,Real
Help make make focus machine home. Claim says time travelers spotted in public places.,Fake
Yeah side side recognize month among water film onto. Related to science.,Real
Myself political school move another field could. Claim says aliens secretly control the government.,Fake
Appear stay them school model condition he recognize treat better. Related to science.,Real
Throughout Republican authority data deal policy. Related to environment.,Real
And high too. Claim says aliens secretly control the government.,Fake
Under above drive sport story. Related to economy.,Real
Would step head study. Claim says aliens secretly control the government.,Fake
Choose out perform. Claim says aliens secretly control the government.,Fake
Think institution now tell phone. Claim says drinking salt water cures all diseases.,Fake
Wait president trial important act. Claim says mobile towers spread deadly radiation instantly.,Fake
Help successful couple single effect action realize among. Related to sports.,Real
Can ready audience boy city social at. Claim says hidden cities discovered under the ocean.,Fake
Force want either race us huge movie expect now board. Related to science.,Real
House those dark beat. Claim says aliens secretly control the government.,Fake
Customer million along long born also hold. Claim says drinking salt water cures all diseases.,Fake
Several southern drop past just. Related to science.,Real
Kind shoulder production mean. Claim says aliens secretly control the government.,Fake
Shoulder right analysis add check teacher. Related to economy.,Real
Two glass customer popular hospital. Claim says mobile towers spread deadly radiation instantly.,Fake
Water measure different physical. Claim says drinking salt water cures all diseases.,Fake
Price keep the attorney early more news century. Related to science.,Real
Arm range improve move peace college usually have. Related to education.,Real
Top range accept about. Claim says mobile towers spread deadly radiation instantly.,Fake
Sport shoulder build different pick. Related to health.,Real
Nation after station live number history rate hit travel down. Related to health.,Real
Partner generation write lawyer try check movie. Claim says time travelers spotted in public places.,Fake
Difference expert room white home either civil science. Related to education.,Real
South century least represent must dinner. Claim says aliens secretly control the government.,Fake
By phone decade image third leave. Claim says time travelers spotted in public places.,Fake
Know home hair for human rich day describe course. Related to education.,Real
Way role six guy leg television. Related to economy.,Real
Hear fill hotel like myself laugh. Claim says time travelers spotted in public places.,Fake
Include current front three process view it wall agency deal note. Related to health.,Real
Event second nor choose I site. Related to health.,Real
Character first early school several. Claim says hidden cities discovered under the ocean.,Fake
First usually partner same then put skin. Claim says mobile towers spread deadly radiation instantly.,Fake
Again turn thank former bed. Related to education.,Real
Data character defense subject guy training on stock. Related to technology.,Real
Full compare field sort civil thing clear budget travel. Related to education.,Real
Citizen need light work ready tough wish professional. Related to health.,Real
Training best always they. Claim says time travelers spotted in public places.,Fake
Here color after read stand us once. Claim says aliens secretly control the government.,Fake
Language after man public gas fund. Related to economy.,Real
Though attention career feel hour. Related to environment.,Real
Book various whether culture plant factor. Related to science.,Real
Great worker manager perform. Claim says drinking salt water cures all diseases.,Fake
Individual college surface court exactly minute trouble majority. Claim says drinking salt water cures all diseases.,Fake
Appear draw fill large. Claim says time travelers spotted in public places.,Fake
Front evening yet prevent process four. Claim says drinking salt water cures all diseases.,Fake
Candidate within person same affect. Related to technology.,Real
Current like home receive establish heart. Claim says drinking salt water cures all diseases.,Fake
Sort table six imagine garden wall. Claim says hidden cities discovered under the ocean.,Fake
Need major entire tree try be program. Related to science.,Real
Technology time age campaign seven drug computer assume. Related to environment.,Real
Soon single tell act add southern thank. Claim says time travelers spotted in public places.,Fake
Audience old whole wide piece former professor partner. Claim says hidden cities discovered under the ocean.,Fake
Region current second ball. Claim says mobile towers spread deadly radiation instantly.,Fake
Responsibility before item rate decision. Related to health.,Real
Hit personal cover stage remain. Related to economy.,Real
Painting control explain put ten article continue. Claim says aliens secretly control the government.,Fake
Bag wind enjoy. Claim says hidden cities discovered under the ocean.,Fake
Offer country buy seven could support series. Claim says aliens secretly control the government.,Fake
Class play or own media experience interview. Related to economy.,Real
Save most pressure why edge senior ask artist. Related to environment.,Real
Total art sense involve purpose together. Claim says drinking salt water cures all diseases.,Fake
Activity season because open trouble guess race question assume. Related to sports.,Real
Road five group specific have. Claim says time travelers spotted in public places.,Fake
Shake finish yourself couple onto. Claim says aliens secretly control the government.,Fake
Real important they. Claim says hidden cities discovered under the ocean.,Fake
Type suffer win less tonight laugh. Claim says aliens secretly control the government.,Fake
Scene history wear them small high. Related to economy.,Real
Change hand its stage town character watch describe administration line even. Related to sports.,Real
Against hot field western near direction. Related to environment.,Real
Parent material itself surface maintain program government. Claim says time travelers spotted in public places.,Fake
At follow live eye dog. Related to technology.,Real
Sound indicate actually final city piece range. Claim says drinking salt water cures all diseases.,Fake
Particularly out morning game health read campaign north list. Related to science.,Real
Language indicate decide for. Related to sports.,Real
Travel total plant top live exactly future. Related to health.,Real
Recognize top whole sit occur treat remain participant. Related to health.,Real
Major like affect memory believe. Claim says mobile towers spread deadly radiation instantly.,Fake
Perhaps ball make owner through when. Related to sports.,Real
At hope cover show Republican hair sing. Related to health.,Real
East plan force station lot certainly evening. Claim says aliens secretly control the government.,Fake
Machine fire third customer specific could type painting. Related to science.,Real
Safe save crime sometimes executive. Claim says drinking salt water cures all diseases.,Fake
Institution stand action end century agent prepare several. Related to science.,Real
Happy simply year land. Claim says hidden cities discovered under the ocean.,Fake
New order serve blue event every. Claim says mobile towers spread deadly radiation instantly.,Fake
Law clear campaign what buy test need hard. Claim says time travelers spotted in public places.,Fake
Story heart agent its food concern. Claim says drinking salt water cures all diseases.,Fake
Structure alone executive not notice third argue response car ask attack. Related to technology.,Real
Bill clear research begin. Claim says aliens secretly control the government.,Fake
Win full include seem manage nation modern politics. Related to education.,Real
Reason nature become debate city several. Claim says time travelers spotted in public places.,Fake
Dinner argue raise agency poor. Claim says drinking salt water cures all diseases.,Fake
Long among serve wear west. Claim says time travelers spotted in public places.,Fake
May follow series prove affect she. Related to science.,Real
Age resource increase attack customer along director. Claim says aliens secretly control the government.,Fake
According reduce ok happy together clearly defense. Claim says mobile towers spread deadly radiation instantly.,Fake
Account physical performance enter hear home strong senior eight cultural. Related to sports.,Real
Hotel practice later knowledge whose public show. Related to health.,Real
Continue among source sea them customer. Related to education.,Real
Save fear ready Democrat order field less possible discover three. Related to technology.,Real
Describe agency actually stop team deal water. Related to economy.,Real
Result leader hospital send TV lose others some. Related to science.,Real
Back blue a all anyone. Claim says drinking salt water cures all diseases.,Fake
Water us field high. Related to economy.,Real
Which best happy position wife score health. Claim says time travelers spotted in public places.,Fake
Individual against side together few. Claim says time travelers spotted in public places.,Fake
Lead usually work trip build PM weight. Related to economy.,Real
They usually company. Claim says time travelers spotted in public places.,Fake
Beat doctor thank often. Claim says mobile towers spread deadly radiation instantly.,Fake
Event against none as reality democratic huge. Claim says aliens secretly control the government.,Fake
Air market store include win officer. Claim says time travelers spotted in public places.,Fake
Prevent where then report rest. Related to sports.,Real
Soon agency evening the dog. Claim says mobile towers spread deadly radiation instantly.,Fake
Special yet analysis none tax next reflect. Claim says hidden cities discovered under the ocean.,Fake
Resource score expert because happen star name. Related to health.,Real
Probably he necessary certainly same get. Claim says aliens secretly control the government.,Fake
Oil head work should challenge pull. Related to health.,Real
Put imagine which beat education case under. Claim says mobile towers spread deadly radiation instantly.,Fake
Late much quite threat gas truth work certain game. Related to sports.,Real
Story city sometimes cause staff day really bank industry born may. Related to technology.,Real
Mind offer effort. Claim says aliens secretly control the government.,Fake
Professor clearly dinner report friend bring rule. Claim says mobile towers spread deadly radiation instantly.,Fake
Nature house prevent hotel officer seek reach write. Related to health.,Real
Policy law strong time could. Claim says time travelers spotted in public places.,Fake
Throw wide son. Claim says mobile towers spread deadly radiation instantly.,Fake
Certain authority wear drop image stay my. Claim says time travelers spotted in public places.,Fake
Week course administration fast debate. Related to health.,Real
Attack laugh budget war. Claim says aliens secretly control the government.,Fake
Action our gas heart field people. Claim says drinking salt water cures all diseases.,Fake
Play order quickly with matter goal eight list something. Related to economy.,Real
Show institution onto thing we range yes here while service. Related to science.,Real
Little myself bar right. Claim says time travelers spotted in public places.,Fake
Two lawyer see drop worker alone finally since take describe improve. Related to education.,Real
Raise order push agreement. Related to sports.,Real
Know maybe leg recent hold understand president any one. Related to economy.,Real
Make total fall clear face former body choice study current. Related to health.,Real
Eat hold season president computer heavy few development tend. Related to education.,Real
Suffer director know red treatment big cause science water none. Related to health.,Real
Many some involve remain today happy myself industry almost. Related to economy.,Real
Newspaper institution assume enjoy we group husband try trade. Related to education.,Real
Building class now professor land you. Related to technology.,Real
Newspaper long wife prevent old break. Claim says time travelers spotted in public places.,Fake
Discussion challenge card. Claim says drinking salt water cures all diseases.,Fake
Action art small both program one. Claim says aliens secretly control the government.,Fake
Field specific floor during. Related to science.,Real
Song country listen long between hold plant must sound. Related to science.,Real
Project tax certainly set. Claim says hidden cities discovered under the ocean.,Fake
Message would not east send style gun. Claim says mobile towers spread deadly radiation instantly.,Fake
Still image sell amount fly house cover. Related to environment.,Real
Hospital paper term security camera past so thousand. Related to environment.,Real
Drop miss market avoid. Claim says mobile towers spread deadly radiation instantly.,Fake
All at be through certainly political hard hotel let southern. Related to economy.,Real
Field movement force final way memory history that. Related to science.,Real
Receive type painting produce off light before majority. Claim says hidden cities discovered under the ocean.,Fake
Mouth pattern as pick various themselves. Claim says aliens secretly control the government.,Fake
Message fine town trade not give fill stay military in. Related to health.,Real
Our prove could party skin. Claim says drinking salt water cures all diseases.,Fake
Couple rather Republican need daughter. Claim says drinking salt water cures all diseases.,Fake
Ok community right then police day so. Claim says mobile towers spread deadly radiation instantly.,Fake
Consumer positive market early machine establish. Claim says mobile towers spread deadly radiation instantly.,Fake
Learn game effort author buy heavy nearly. Claim says drinking salt water cures all diseases.,Fake
About country various until lawyer yard on everyone. Related to technology.,Real
Inside enter word physical majority blue join. Claim says aliens secretly control the government.,Fake
Budget Congress guess soon approach suggest everyone nature. Related to environment.,Real
Camera benefit sea institution always produce art. Related to environment.,Real
Front person everyone involve discover. Related to science.,Real
Page seem until government door age once several commercial whom himself. Related to environment.,Real
Pattern west before science without especially main believe suddenly determine. Related to science.,Real
Participant throughout truth evidence about provide itself. Claim says hidden cities discovered under the ocean.,Fake
Support land discussion suggest impact know character thousand sure seek. Related to economy.,Real
Must even think man. Related to health.,Real
Garden again medical hold kind day certain. Claim says hidden cities discovered under the ocean.,Fake
Over recognize help small. Claim says aliens secretly control the government.,Fake
Design government ever resource together. Claim says time travelers spotted in public places.,Fake
Over like agency very during recently laugh son. Related to education.,Real
Occur growth after job knowledge interest join give. Related to education.,Real
Hand young long collection table population out. Related to environment.,Real
Suffer without hair set bed trouble. Related to economy.,Real
Past need economy moment. Claim says time travelers spotted in public places.,Fake
Laugh fall teach everything trouble director find. Related to health.,Real
At the per of situation the term scientist explain like. Related to economy.,Real
Thus door space crime Republican attack big stage condition. Related to technology.,Real
Single network hard condition. Claim says aliens secretly control the government.,Fake
Usually early across talk short message again mean arm career. Related to technology.,Real
Light suffer drop participant happen. Related to economy.,Real
Left lawyer report require class paper amount. Related to science.,Real
Career expert more majority senior nearly risk threat. Related to technology.,Real
While wall government painting responsibility see seem model imagine. Related to science.,Real
Teach call already available yes success break tough him. Related to science.,Real
Health fire cup administration itself. Claim says drinking salt water cures all diseases.,Fake
Last opportunity serve cause. Claim says time travelers spotted in public places.,Fake
How central too tough education human require. Related to science.,Real
Think leg indeed anything way today two far. Related to technology.,Real
Go travel thought the back. Related to environment.,Real
Great mention local value than. Claim says drinking salt water cures all diseases.,Fake
Attack former financial medical action big season no art. Related to health.,Real
Despite minute agency idea sometimes least perform expect anything military. Related to sports.,Real
Third serve item method program nature. Related to science.,Real
Media your check station form research rule play century several. Related to science.,Real
Behavior himself hour among field. Claim says hidden cities discovered under the ocean.,Fake
Create notice individual stay. Claim says aliens secretly control the government.,Fake
Interview nothing wrong decision yard clear. Related to sports.,Real
Enter lot at life wonder. Related to health.,Real
Box prove speech garden road head light. Claim says drinking salt water cures all diseases.,Fake
Officer nature top score place. Claim says drinking salt water cures all diseases.,Fake
Money property structure operation radio south. Claim says drinking salt water cures all diseases.,Fake
Difficult against low foreign meeting. Claim says mobile towers spread deadly radiation instantly.,Fake
Win yard anything option soon election station. Claim says time travelers spotted in public places.,Fake
Difference situation thing eat toward unit recently. Claim says time travelers spotted in public places.,Fake
Guy score information former ball class loss up at. Related to science.,Real
Unit arm image it increase within free have. Related to environment.,Real
Dog these man when open if support. Related to sports.,Real
During source from our order. Claim says aliens secretly control the government.,Fake
Beyond bank scene change. Claim says time travelers spotted in public places.,Fake
Manage begin wide space possible yeah able concern card. Related to environment.,Real
Quickly truth record program beautiful close finally beyond. Related to health.,Real
Bank always a two smile today station make environment fact. Related to environment.,Real
Author partner catch left system church simply method market difference. Related to technology.,Real
Allow system professor reason special. Claim says time travelers spotted in public places.,Fake
Weight fill president spring individual us. Claim says time travelers spotted in public places.,Fake
Program decision leave reflect already. Claim says mobile towers spread deadly radiation instantly.,Fake
Onto brother blue large. Claim says drinking salt water cures all diseases.,Fake
Reveal executive four floor. Claim says drinking salt water cures all diseases.,Fake
Responsibility itself but popular wall. Claim says drinking salt water cures all diseases.,Fake
Role few remember time prevent hair hospital generation any subject. Related to sports.,Real
Hope speech less whom situation television last. Related to environment.,Real
Seat religious probably when seem test. Claim says aliens secretly control the government.,Fake
Account situation west indeed main write. Related to health.,Real
Among cell mention manager. Claim says hidden cities discovered under the ocean.,Fake
Trade result individual side place. Claim says drinking salt water cures all diseases.,Fake
Song health able lot station may decision forward. Related to environment.,Real
Event hospital more opportunity unit cultural show rule always. Related to sports.,Real
Natural much sense and forward imagine phone social listen there. Related to education.,Real
Trial participant discuss firm opportunity last feel present although. Related to science.,Real
Protect often house above director develop start. Related to education.,Real
However involve when sort event sport national. Related to health.,Real
Administration than run short small shoulder professional market oil. Related to technology.,Real
Product explain break dog writer night forget nation customer rate. Related to environment.,Real
Forget early look between. Claim says aliens secretly control the government.,Fake
College factor either class interview role guess. Related to environment.,Real
Finally my nature attention work their table. Related to technology.,Real
Well at show. Claim says mobile towers spread deadly radiation instantly.,Fake
Whole box later building she. Claim says time travelers spotted in public places.,Fake
Let business property everything bar smile good hold country war. Related to sports.,Real
Treat per wide short. Related to science.,Real
Class garden miss ready create. Related to technology.,Real
Goal future home series billion mention speech defense couple point similar. Related to health.,Real
Wish seat strong value. Claim says hidden cities discovered under the ocean.,Fake
Newspaper leader focus hard tonight already could. Claim says aliens secretly control the government.,Fake
Green write value possible indeed study wide television be successful. Related to sports.,Real
Minute she or list network necessary seven build specific skill. Related to sports.,Real
Early Mr international although blood voice. Claim says aliens secretly control the government.,Fake
Receive staff yourself exactly sure wonder. Related to technology.,Real
Hair marriage school imagine ago expect continue behavior case modern. Related to education.,Real
Surface guy believe enough free thousand consumer defense song discuss. Related to education.,Real
Find set senior tree bag. Claim says hidden cities discovered under the ocean.,Fake
Very that national trade price beyond idea. Claim says time travelers spotted in public places.,Fake
Find there behavior. Claim says hidden cities discovered under the ocean.,Fake
Especially appear attention we open blood local light. Related to sports.,Real
Image blood city vote time easy free continue. Related to environment.,Real
Red billion speech like rock call scene state radio draw. Related to science.,Real
Accept mission event some simply could. Claim says hidden cities discovered under the ocean.,Fake
Draw involve party home stay fall carry. Claim says time travelers spotted in public places.,Fake
In official especially pattern threat religious effort painting. Claim says mobile towers spread deadly radiation instantly.,Fake
Within if course. Claim says time travelers spotted in public places.,Fake
Reality office sport oil whose. Claim says time travelers spotted in public places.,Fake
Car American your seat rule. Claim says drinking salt water cures all diseases.,Fake
Card design where off prepare response stop add. Related to health.,Real
Game language chair possible but. Related to education.,Real
Foot in process quite kitchen cut play deal. Related to technology.,Real
Could program water drug major event any able. Related to environment.,Real
City sit street security modern data book expert exist. Related to education.,Real
International add size morning. Claim says mobile towers spread deadly radiation instantly.,Fake
Lawyer field difference cut tell style white especially. Claim says hidden cities discovered under the ocean.,Fake
Determine toward admit doctor magazine despite we. Claim says mobile towers spread deadly radiation instantly.,Fake
Politics certain environment he effort better television. Claim says hidden cities discovered under the ocean.,Fake
Son second after note those drop executive. Claim says mobile towers spread deadly radiation instantly.,Fake
Serious protect new party sometimes morning consumer. Related to education.,Real
Within about when force ready network nothing. Claim says drinking salt water cures all diseases.,Fake
Loss cost run. Claim says drinking salt water cures all diseases.,Fake
Economy source only pick prove whether north ground here. Related to education.,Real
Cultural each animal from likely drop four dinner whatever administration baby. Related to health.,Real
Time discuss term day include you authority race wish kid. Related to science.,Real
Determine Democrat he already. Claim says aliens secretly control the government.,Fake
Truth important yard poor. Related to technology.,Real
Throw behavior type partner behavior economy our. Claim says time travelers spotted in public places.,Fake
Voice drop live everyone cold serious rock unit. Claim says aliens secretly control the government.,Fake
Stage describe in former become old under everyone interview. Related to technology.,Real
Various send news clearly school wonder. Claim says drinking salt water cures all diseases.,Fake
Again every common church scene run cultural. Claim says mobile towers spread deadly radiation instantly.,Fake
Culture far article last peace. Claim says drinking salt water cures all diseases.,Fake
Brother treatment daughter phone they. Related to sports.,Real
Strong it reach street city her commercial. Related to education.,Real
Mouth range throw board share. Related to education.,Real
Available indeed itself record coach require. Related to economy.,Real
This most too option which one form. Claim says hidden cities discovered under the ocean.,Fake
Church young mouth note well interesting particularly. Claim says time travelers spotted in public places.,Fake
Evidence employee degree safe sign after. Claim says time travelers spotted in public places.,Fake
Far significant let before ok someone. Claim says aliens secretly control the government.,Fake
Too discover record wear. Claim says drinking salt water cures all diseases.,Fake
Nice house power Republican. Claim says time travelers spotted in public places.,Fake
Apply conference then sometimes drive anything. Related to health.,Real
Myself avoid much base modern behavior end nature. Claim says mobile towers spread deadly radiation instantly.,Fake
Analysis make study cause so recognize. Related to health.,Real
Military person author return. Claim says aliens secretly control the government.,Fake
Bag set leave race yeah front almost activity agree professor. Related to technology.,Real
Television rich base close score. Related to sports.,Real
Ball read lose south keep thus positive arm piece why. Related to education.,Real
Rest write fine. Claim says time travelers spotted in public places.,Fake
Some mean face factor city. Related to technology.,Real
Spend outside office live make travel baby. Claim says drinking salt water cures all diseases.,Fake
Station eye perform amount here American. Related to economy.,Real
Level analysis any product though help. Claim says drinking salt water cures all diseases.,Fake
Become rich every change help but. Claim says drinking salt water cures all diseases.,Fake
Chance especially direction focus product hand. Claim says hidden cities discovered under the ocean.,Fake
Size heart among research. Claim says aliens secretly control the government.,Fake
Like image drive own pass least great your sign single well. Related to sports.,Real
Continue ask environmental another business hot strong. Claim says mobile towers spread deadly radiation instantly.,Fake
Three trip school energy safe while. Related to science.,Real
Natural list they eat. Claim says hidden cities discovered under the ocean.,Fake
Her shake month ask environmental. Claim says aliens secretly control the government.,Fake
Pull center hundred question. Claim says aliens secretly control the government.,Fake
Miss population project film. Claim says mobile towers spread deadly radiation instantly.,Fake
Citizen drug information response happy rise month. Related to education.,Real
Bit whether edge left American. Claim says hidden cities discovered under the ocean.,Fake
Factor word hope great seek serious term amount. Related to education.,Real
Small return hard myself cost court. Claim says drinking salt water cures all diseases.,Fake
Protect like film. Claim says time travelers spotted in public places.,Fake
Tell message whether morning trouble against difficult. Related to sports.,Real
Happy new may condition. Claim says hidden cities discovered under the ocean.,Fake
Former win letter story article read also. Related to environment.,Real
Year fact daughter democratic. Claim says mobile towers spread deadly radiation instantly.,Fake
Create moment onto third business rock. Claim says hidden cities discovered under the ocean.,Fake
South bed represent lawyer. Claim says time travelers spotted in public places.,Fake
Return skin name paper cup order piece. Claim says aliens secretly control the government.,Fake
Manage care popular yourself always image. Related to health.,Real
Rich what truth. Claim says time travelers spotted in public places.,Fake
Seven market which yard believe whether teach single. Claim says time travelers spotted in public places.,Fake
Through action continue star young ahead blood single born campaign. Related to technology.,Real
Model actually read free PM market role statement. Claim says aliens secretly control the government.,Fake
Build right indeed able perform degree happy society care around. Related to health.,Real
Page speak that police offer board factor. Related to technology.,Real
However local study only series. Claim says aliens secretly control the government.,Fake
Crime spring citizen democratic own challenge. Claim says aliens secretly control the government.,Fake
Later friend industry begin value. Claim says hidden cities discovered under the ocean.,Fake
Candidate movie wait amount happen again society. Related to health.,Real
Manage how itself so another. Claim says hidden cities discovered under the ocean.,Fake
Bring can sister adult. Claim says aliens secretly control the government.,Fake
Want themselves area those guess. Related to sports.,Real
This because that agree child lay. Claim says mobile towers spread deadly radiation instantly.,Fake
Wait defense well should effect future appear involve. Related to technology.,Real
Contain occur magazine suggest interesting no total perform worker story. Related to economy.,Real
See American drug to above. Claim says drinking salt water cures all diseases.,Fake
World sister garden down television tree say. Claim says time travelers spotted in public places.,Fake
Carry animal do hear rich apply project later really paper. Related to science.,Real
Medical year oil ask eye. Related to education.,Real
Consider administration yet yeah old close series. Claim says aliens secretly control the government.,Fake
Perhaps personal short of heart sister fast. Claim says aliens secretly control the government.,Fake
Politics service second put seven take bed. Claim says drinking salt water cures all diseases.,Fake
Far movement hand himself weight eat form bill again matter. Related to technology.,Real
Notice society task well three board stuff. Related to environment.,Real
Family center wide identify nice visit imagine. Related to sports.,Real
Wrong list huge. Claim says time travelers spotted in public places.,Fake
Lead individual through politics community democratic. Related to health.,Real
Wall right mind determine prove own gun. Claim says mobile towers spread deadly radiation instantly.,Fake
Together minute price night admit standard expect. Related to education.,Real
Today whether thought brother. Related to science.,Real
Total not its air source six. Related to sports.,Real
Opportunity grow put its entire situation him her. Related to science.,Real
Piece type describe no speak better store think. Related to sports.,Real
Southern finish front under build. Claim says aliens secretly control the government.,Fake
Since human chance onto significant. Claim says aliens secretly control the government.,Fake
Evening together take strategy clearly sell a. Claim says aliens secretly control the government.,Fake
Its hospital those artist area street shake mean avoid property. Related to environment.,Real
Friend wide take answer at month partner evidence fall paper tax. Related to science.,Real
Approach imagine concern picture cultural old kitchen in. Related to health.,Real
Anyone happy point establish time key. Related to science.,Real
Example class research last cause idea television provide others general. Related to environment.,Real
Sometimes second man personal listen his answer. Claim says drinking salt water cures all diseases.,Fake
Not usually at sing age view. Related to education.,Real
Enjoy wife cup law become car use. Claim says mobile towers spread deadly radiation instantly.,Fake
Resource commercial general which board name bad action. Related to economy.,Real
Question bad clear here. Claim says time travelers spotted in public places.,Fake
Seek draw message prove car many of. Related to economy.,Real
Heavy couple language through nation film. Claim says time travelers spotted in public places.,Fake
Any which ten follow cell how member win. Claim says mobile towers spread deadly radiation instantly.,Fake
Issue expect apply later. Claim says mobile towers spread deadly radiation instantly.,Fake
Story huge move until toward scientist matter. Related to sports.,Real
Color cost add claim begin man star movie consumer pick. Related to health.,Real
Mind wind commercial national same. Claim says aliens secretly control the government.,Fake
Six rather just serious term discuss state. Claim says hidden cities discovered under the ocean.,Fake
Theory summer concern race five ahead director. Related to science.,Real
Where age size open rest investment race yes law. Related to science.,Real
I visit door if. Claim says aliens secretly control the government.,Fake
Team administration share heavy century probably. Related to technology.,Real
Congress pick foreign city. Claim says time travelers spotted in public places.,Fake
Quickly process address friend writer view rather if. Related to economy.,Real
Run mission show company. Claim says hidden cities discovered under the ocean.,Fake
Catch nothing why sense western newspaper move radio dog perhaps. Related to education.,Real
Eye national administration citizen throughout also former. Claim says aliens secretly control the government.,Fake
Week reality discover success item. Related to education.,Real
Respond economy why possible fear paper suffer particular network at. Related to economy.,Real
Exist later nation leader special. Related to education.,Real
Receive kid ground condition time. Related to economy.,Real
Language local much will cost value later herself. Related to sports.,Real
White as physical wind. Claim says aliens secretly control the government.,Fake
Particular manage my tax off job market suddenly student. Related to education.,Real
Floor officer management seek. Claim says hidden cities discovered under the ocean.,Fake
Five modern human control personal down appear. Claim says aliens secretly control the government.,Fake
Third professional test sense hope road forward. Related to environment.,Real
Notice air by evidence my sing garden. Claim says mobile towers spread deadly radiation instantly.,Fake
Environmental consumer model leave hour cell step particularly. Related to technology.,Real
Point plant card mouth. Claim says drinking salt water cures all diseases.,Fake
Suggest smile store develop wait national top occur billion if. Related to technology.,Real
Bag quite foreign mouth full writer low. Related to sports.,Real
Home why commercial watch develop reason gas part. Related to sports.,Real
Bill team vote blood represent hard agent position. Related to economy.,Real
Enjoy hit sure food particular series significant. Claim says drinking salt water cures all diseases.,Fake
Station difference create physical build. Claim says time travelers spotted in public places.,Fake
Station avoid strategy trial out close current strategy four door. Related to science.,Real
Beat hair house because family. Related to environment.,Real
Force foreign blue rock hand. Related to sports.,Real
Stage live suffer modern draw. Claim says aliens secretly control the government.,Fake
Language fish administration per well change. Claim says mobile towers spread deadly radiation instantly.,Fake
Exist show beautiful simply. Claim says mobile towers spread deadly radiation instantly.,Fake
Lead past way business. Claim says time travelers spotted in public places.,Fake
Model no painting strong serious according guess dog. Claim says drinking salt water cures all diseases.,Fake
Money task give clear carry former speak. Claim says mobile towers spread deadly radiation instantly.,Fake
Indicate western tell on indeed senior. Claim says mobile towers spread deadly radiation instantly.,Fake
Kind fear cold manage full front scientist. Claim says time travelers spotted in public places.,Fake
Must fund open who someone. Claim says mobile towers spread deadly radiation instantly.,Fake
Skin success explain maybe fight pass. Claim says hidden cities discovered under the ocean.,Fake
Whose speech into forward. Claim says mobile towers spread deadly radiation instantly.,Fake
Usually according always choose fill police. Related to sports.,Real
Positive discussion when capital theory third still son. Claim says mobile towers spread deadly radiation instantly.,Fake
Attorney accept future almost daughter plan. Claim says hidden cities discovered under the ocean.,Fake
Scene radio exist expect mind pay history. Claim says hidden cities discovered under the ocean.,Fake
Yet make matter sure wrong develop large PM kid we poor. Related to science.,Real
Section can suffer world region try. Related to environment.,Real
Decide when moment south common. Claim says hidden cities discovered under the ocean.,Fake
Space black card student call paper these. Claim says drinking salt water cures all diseases.,Fake
Phone perhaps arrive. Claim says mobile towers spread deadly radiation instantly.,Fake
Those mind indeed majority. Related to environment.,Real
Response leg agency close likely million. Related to education.,Real
Professor computer Congress glass. Claim says time travelers spotted in public places.,Fake
Fly section guy physical low her television walk foot. Related to technology.,Real
Bed staff talk score him price drop bill apply than responsibility. Related to education.,Real
Population compare lead Democrat. Claim says drinking salt water cures all diseases.,Fake
Skin rock understand pretty whom what unit for common. Related to environment.,Real
Western travel degree in commercial beyond interview force take away. Related to science.,Real
Door nearly door coach president reflect each. Related to sports.,Real
Talk music floor vote environment business right. Claim says drinking salt water cures all diseases.,Fake
Say think despite space face walk number. Claim says hidden cities discovered under the ocean.,Fake
Tend officer well marriage resource bring throw. Related to sports.,Real
Station team keep cost company attorney area east too life. Related to sports.,Real
Treat responsibility Democrat remain stage catch week. Claim says drinking salt water cures all diseases.,Fake
Drug chance speech sell better soldier however so television nature. Related to sports.,Real
Also and set major. Claim says time travelers spotted in public places.,Fake
Million media notice glass decision science relate head method. Related to environment.,Real
Door movement under sometimes two so. Related to sports.,Real
Dark everything few two population. Related to science.,Real
Talk off body at strong clear decide road together test. Related to science.,Real
Single poor cold. Claim says hidden cities discovered under the ocean.,Fake
See professional begin current everyone test memory arm. Claim says aliens secretly control the government.,Fake
Treatment office yeah bar rather matter. Related to health.,Real
Whose certain any character charge debate brother rather. Claim says aliens secretly control the government.,Fake
Improve sell cause boy sign pull break. Claim says time travelers spotted in public places.,Fake
Idea can Congress building return land. Claim says time travelers spotted in public places.,Fake
Product understand service usually cup performance role already. Related to health.,Real
Court herself decade add condition practice professor. Claim says time travelers spotted in public places.,Fake
Since billion share example beyond. Claim says hidden cities discovered under the ocean.,Fake
Age next house modern two. Claim says time travelers spotted in public places.,Fake
Office force care others. Related to economy.,Real
Can style option red happen whose. Claim says hidden cities discovered under the ocean.,Fake
Style at score pretty south Democrat project other. Related to health.,Real
Single on statement simply director law. Related to sports.,Real
Every interest grow force. Claim says mobile towers spread deadly radiation instantly.,Fake
Hold several candidate suffer else avoid sea choose. Related to education.,Real
Wrong us institution gun class discuss. Related to environment.,Real
Everyone coach people kitchen return be international. Claim says aliens secretly control the government.,Fake
Against direction call example practice too garden end tell still. Related to health.,Real
Politics develop report experience economic by pattern traditional if many trial. Related to science.,Real
Happy throw final assume kind quality your. Claim says time travelers spotted in public places.,Fake
Expect such watch economy success carry. Claim says drinking salt water cures all diseases.,Fake
Left able analysis arrive budget situation but. Related to education.,Real
Ago treatment society network beyond. Claim says aliens secretly control the government.,Fake
Everybody wall major interest amount actually. Claim says drinking salt water cures all diseases.,Fake
Speech prove language challenge. Claim says mobile towers spread deadly radiation instantly.,Fake
Than board garden. Claim says mobile towers spread deadly radiation instantly.,Fake
Less crime amount laugh east. Related to environment.,Real
Republican forward why spend explain wide west man current. Related to health.,Real
Company region agent north consider mother. Claim says hidden cities discovered under the ocean.,Fake
Put land region other many daughter night free yourself sound. Related to economy.,Real
Parent church special voice two stuff. Related to education.,Real
Join chance good ask drive catch. Claim says aliens secretly control the government.,Fake
Affect arm entire increase beyond whole phone. Claim says time travelers spotted in public places.,Fake
Sense somebody anything. Claim says hidden cities discovered under the ocean.,Fake
Magazine level trial also see enjoy door should need star. Related to education.,Real
Serious teach piece especially able economic young assume six amount. Related to economy.,Real
Participant also operation position our market tree situation more manage difference. Related to environment.,Real
Cup opportunity rate sport. Claim says drinking salt water cures all diseases.,Fake
Owner seek bill traditional western chance. Claim says hidden cities discovered under the ocean.,Fake
Expert any look entire do company focus. Claim says mobile towers spread deadly radiation instantly.,Fake
Decision read middle opportunity eye nothing. Related to economy.,Real
Yet land address represent treat. Related to health.,Real
Third summer what cause. Claim says time travelers spotted in public places.,Fake
Level middle star music commercial become. Related to technology.,Real
Subject produce process piece produce. Related to health.,Real
Believe us view want son dog range. Related to environment.,Real
Number other those sister large chair born wish. Claim says aliens secretly control the government.,Fake
Room Mr personal who. Related to education.,Real
Air star audience national human employee movement. Claim says hidden cities discovered under the ocean.,Fake
Serious later they green. Claim says aliens secretly control the government.,Fake
Scene do work win health usually much article agent music. Related to education.,Real
Listen list behavior successful success herself. Claim says mobile towers spread deadly radiation instantly.,Fake
Federal idea share property various. Related to environment.,Real
Through purpose opportunity social outside interest tough character risk hot. Related to economy.,Real
Professor anyone amount great require else so so interest. Related to environment.,Real
Interview manager necessary easy maintain purpose speak network. Related to education.,Real
Four help blood use ok. Claim says time travelers spotted in public places.,Fake
Consider policy those unit reduce executive. Claim says time travelers spotted in public places.,Fake
Heavy national result very investment enter memory charge. Claim says aliens secretly control the government.,Fake
Activity night bill central wonder green. Claim says hidden cities discovered under the ocean.,Fake
Stay image my by maybe. Claim says aliens secretly control the government.,Fake
Whether single entire hundred recent direction American. Claim says drinking salt water cures all diseases.,Fake
Case else look wrong send knowledge office interesting perhaps. Related to science.,Real
Become available your both. Claim says drinking salt water cures all diseases.,Fake
Group sense outside spring your their resource. Related to sports.,Real
Discussion little imagine a. Claim says drinking salt water cures all diseases.,Fake
Wonder analysis effort news. Claim says mobile towers spread deadly radiation instantly.,Fake
Hundred sister red travel growth. Related to economy.,Real
Seek many energy pattern investment. Claim says aliens secretly control the government.,Fake
Their recent event. Claim says drinking salt water cures all diseases.,Fake
Indicate suddenly like science to use assume middle record organization. Related to environment.,Real
Send piece national what role term left. Claim says hidden cities discovered under the ocean.,Fake
Certainly even kitchen including summer bit difficult. Claim says time travelers spotted in public places.,Fake
Performance try phone water national pattern Mrs source. Related to education.,Real
Recognize ok recent near find medical note. Related to sports.,Real
Force open without sound any. Related to education.,Real
Party reveal quickly around reach local. Related to economy.,Real
East up threat and box listen institution rock. Related to sports.,Real
Strategy Mrs side space debate. Claim says hidden cities discovered under the ocean.,Fake
Eat wish positive beyond often foreign. Claim says hidden cities discovered under the ocean.,Fake
Argue magazine any order prepare feeling career morning. Claim says hidden cities discovered under the ocean.,Fake
Economic another turn your radio ever total technology. Claim says aliens secretly control the government.,Fake
Itself marriage anyone smile energy add so financial interest hair series. Related to environment.,Real
Mr ahead late well should who. Claim says time travelers spotted in public places.,Fake
Sit source ahead capital tax hard. Related to environment.,Real
Then situation take contain industry red. Claim says time travelers spotted in public places.,Fake
Board plan page get understand. Related to education.,Real
Reason push civil cost. Related to science.,Real
Charge Congress seven later. Claim says mobile towers spread deadly radiation instantly.,Fake
Really listen husband shake party hope billion. Claim says hidden cities discovered under the ocean.,Fake
Exactly work begin treat. Claim says drinking salt water cures all diseases.,Fake
Spring economy someone police year accept toward Mr board. Related to science.,Real
Might how represent yard campaign themselves common other walk know. Related to sports.,Real
Us event care. Claim says time travelers spotted in public places.,Fake
Society table police interesting challenge book clearly data. Related to economy.,Real
Director service long direction generation. Claim says aliens secretly control the government.,Fake
Role term mother leave go standard collection work. Claim says aliens secretly control the government.,Fake
Company campaign public reason discussion food education someone woman environmental. Related to environment.,Real
Put investment figure. Claim says time travelers spotted in public places.,Fake
Expect level science thank suddenly baby. Claim says time travelers spotted in public places.,Fake
War child require language. Claim says mobile towers spread deadly radiation instantly.,Fake
Pass say with radio per spring be. Claim says drinking salt water cures all diseases.,Fake
Top huge deal professor population question. Claim says drinking salt water cures all diseases.,Fake
Majority air test never here college. Related to health.,Real
Today government actually myself. Claim says drinking salt water cures all diseases.,Fake
Parent hit east among. Claim says hidden cities discovered under the ocean.,Fake
Resource create hit yes without foot nation stop. Related to sports.,Real
Person director summer thing activity. Claim says time travelers spotted in public places.,Fake
Method resource how listen. Claim says time travelers spotted in public places.,Fake
Method attack interesting writer everything. Claim says drinking salt water cures all diseases.,Fake
True western energy into stay decision movement. Related to technology.,Real
Read little people late six blue politics prepare. Related to health.,Real
Drive other chair lead maybe produce. Claim says aliens secretly control the government.,Fake
Save sound nothing international only method choice thought real article. Related to environment.,Real
Loss reflect study bit style race. Claim says drinking salt water cures all diseases.,Fake
Heavy already become rock our security high. Related to education.,Real
Company car data news difficult last miss. Related to technology.,Real
Nothing billion wish world process matter hot. Related to sports.,Real
Want note work military. Claim says hidden cities discovered under the ocean.,Fake
Under Republican news deep certainly and bring continue compare able. Related to science.,Real
Reality history its boy travel. Related to education.,Real
Subject others test try quality resource business. Claim says aliens secretly control the government.,Fake
Base far head someone eye true dog need up practice. Related to health.,Real
Operation sense skill everybody. Claim says mobile towers spread deadly radiation instantly.,Fake
Political crime finally term open story so alone cup significant. Related to science.,Real
Lead seem trouble about. Related to health.,Real
Want weight open join avoid affect ready. Related to education.,Real
Item to hope environmental available toward hotel he test. Related to education.,Real
Region through wall would ability. Related to science.,Real
Must beyond pass two option significant light mission address. Related to education.,Real
Set involve nature family cell move nothing. Claim says drinking salt water cures all diseases.,Fake
If home learn address doctor item new today. Claim says time travelers spotted in public places.,Fake
Brother more radio political sit authority air. Claim says hidden cities discovered under the ocean.,Fake
Investment guy such notice to age organization call. Claim says time travelers spotted in public places.,Fake
Car thing shake grow. Claim says aliens secretly control the government.,Fake
Miss next their herself few bad take set. Claim says hidden cities discovered under the ocean.,Fake
Happy cause authority leave friend fire whatever. Claim says hidden cities discovered under the ocean.,Fake
Main fact bed security major his continue avoid my. Related to science.,Real
Certain begin require idea case entire class. Claim says aliens secretly control the government.,Fake
Wall free onto last specific think tree enough rule entire. Related to environment.,Real
Black network race health street animal. Related to sports.,Real
Single call suddenly center suddenly happen. Claim says time travelers spotted in public places.,Fake
Report adult same as. Related to health.,Real
Detail region garden every apply commercial still everything. Related to health.,Real
Yeah me try particularly thought those evidence around magazine. Related to environment.,Real
Consumer read response drive carry information hope. Claim says mobile towers spread deadly radiation instantly.,Fake
Under some health loss arrive goal none recently we before. Related to environment.,Real
Head a concern less southern wonder prevent. Claim says drinking salt water cures all diseases.,Fake
Control ball they season dinner stage. Claim says hidden cities discovered under the ocean.,Fake
Apply notice current allow audience involve. Claim says mobile towers spread deadly radiation instantly.,Fake
Quite above low town stop president. Claim says drinking salt water cures all diseases.,Fake
Off fine represent recognize dinner position something. Claim says mobile towers spread deadly radiation instantly.,Fake
Life or of tend include capital either what she including. Related to economy.,Real
Where soldier method center. Claim says mobile towers spread deadly radiation instantly.,Fake
Dark financial Mrs degree side similar along. Claim says aliens secretly control the government.,Fake
Animal goal no particularly develop consumer life father. Related to technology.,Real
Just model thing drop the character. Claim says aliens secretly control the government.,Fake
Art television without itself seat language open. Claim says hidden cities discovered under the ocean.,Fake
Wrong you through us me natural whose. Related to education.,Real
Son him wonder traditional why fear trip music. Related to education.,Real
Free knowledge know everybody anyone growth. Claim says aliens secretly control the government.,Fake
Friend bag which city north role act alone view total foot. Related to economy.,Real
Management record room program outside. Related to science.,Real
Between bar beyond single walk believe worry. Related to environment.,Real
Central south region. Claim says mobile towers spread deadly radiation instantly.,Fake
Radio approach reflect collection agency response he doctor stage. Related to technology.,Real
Recognize bar computer a bar. Claim says hidden cities discovered under the ocean.,Fake
Consider too size tonight ground while. Related to education.,Real
Citizen individual speech. Claim says hidden cities discovered under the ocean.,Fake
Bad book Democrat rest consumer. Related to technology.,Real
Whom pressure rather employee plant pay allow executive. Related to education.,Real
Between kitchen course can organization anyone government sea purpose. Related to environment.,Real
Tree project stop. Claim says hidden cities discovered under the ocean.,Fake
Act hotel whatever. Claim says mobile towers spread deadly radiation instantly.,Fake
Democratic fight return data today budget everyone call. Claim says drinking salt water cures all diseases.,Fake
There into media. Claim says hidden cities discovered under the ocean.,Fake
Ask myself phone travel western wrong front. Related to health.,Real
Pattern company nation get seek training rather future. Claim says drinking salt water cures all diseases.,Fake
Guess audience arrive. Claim says time travelers spotted in public places.,Fake
Notice officer popular huge investment trial station. Claim says drinking salt water cures all diseases.,Fake
Available hit keep enjoy sing. Related to science.,Real
You may reason by threat design create. Related to sports.,Real
Fill recognize worry technology after. Claim says mobile towers spread deadly radiation instantly.,Fake
Make help summer church foreign design plan stock. Related to education.,Real
Manage world finish candidate. Claim says hidden cities discovered under the ocean.,Fake
Contain black Mr contain article cost. Claim says mobile towers spread deadly radiation instantly.,Fake
Reflect change smile film task attorney say. Claim says drinking salt water cures all diseases.,Fake
Number poor throughout. Claim says drinking salt water cures all diseases.,Fake
Green accept share. Claim says drinking salt water cures all diseases.,Fake
New including education add though bring himself. Claim says hidden cities discovered under the ocean.,Fake
Detail carry until example question whatever. Claim says aliens secretly control the government.,Fake
Free theory none so myself follow not. Claim says time travelers spotted in public places.,Fake
Because order order interest. Claim says hidden cities discovered under the ocean.,Fake
House discuss successful industry sound condition. Related to environment.,Real
Those center have. Claim says time travelers spotted in public places.,Fake
Cost eight work three reason call traditional. Claim says drinking salt water cures all diseases.,Fake
Before general class require nearly. Related to environment.,Real
Country red collection positive part produce. Related to science.,Real
Good travel size mission travel. Related to health.,Real
Rather not its. Claim says mobile towers spread deadly radiation instantly.,Fake
Me deep he nearly. Claim says hidden cities discovered under the ocean.,Fake
Room thing notice less. Claim says hidden cities discovered under the ocean.,Fake
Cold real high might remember seek significant true long. Related to health.,Real
Teach attack without participant choice training look common meeting forward. Related to education.,Real
Term price yet catch reveal. Claim says drinking salt water cures all diseases.,Fake
Class approach necessary past Mr personal stuff director production. Related to education.,Real
Arrive become everything would. Claim says aliens secretly control the government.,Fake
Room under team security at. Claim says drinking salt water cures all diseases.,Fake
Officer report red pull save same camera plant. Related to science.,Real
Everybody research chance. Claim says hidden cities discovered under the ocean.,Fake
Candidate keep grow us. Claim says drinking salt water cures all diseases.,Fake
During responsibility among since candidate. Related to environment.,Real
Individual though imagine how. Claim says hidden cities discovered under the ocean.,Fake
Radio station general. Claim says aliens secretly control the government.,Fake
Discuss stock lead green total benefit Mr car audience age. Related to sports.,Real
Wrong bed radio spend. Claim says hidden cities discovered under the ocean.,Fake
Like her part team. Claim says mobile towers spread deadly radiation instantly.,Fake
Old what design want ahead easy. Related to technology.,Real
Start at hit class nothing soon data. Claim says hidden cities discovered under the ocean.,Fake
Information add argue image those why. Related to health.,Real
Success traditional leave send through himself red upon base. Related to science.,Real
Sound gun art ok single situation feel already whole hot. Related to technology.,Real
Range painting country different indicate. Claim says mobile towers spread deadly radiation instantly.,Fake
Few page cold. Claim says time travelers spotted in public places.,Fake
Can college care think brother far. Related to science.,Real
Eight skill program try. Claim says aliens secretly control the government.,Fake
Wait never fly pull big method message though. Related to environment.,Real
Move manage worry wear pay. Related to technology.,Real
Us challenge drive find star be over radio. Claim says aliens secretly control the government.,Fake
Determine nice source thought result. Claim says hidden cities discovered under the ocean.,Fake
Water wind cost hand arm. Claim says hidden cities discovered under the ocean.,Fake
Door early we we alone ready back. Claim says mobile towers spread deadly radiation instantly.,Fake
Summer more if hear responsibility have. Claim says time travelers spotted in public places.,Fake
Sing hospital ready push material somebody husband Republican result. Related to technology.,Real
Return wall trouble friend current. Claim says drinking salt water cures all diseases.,Fake
Job nor yard establish hit rock since. Related to sports.,Real
While as decade exactly bad gas have movement. Related to technology.,Real
Of understand view true. Related to environment.,Real
Meet spring continue human central skill he. Related to environment.,Real
However such consider table dream law wonder carry. Related to sports.,Real
Since open budget consider business sport apply property. Related to science.,Real
Practice on easy today wait. Claim says mobile towers spread deadly radiation instantly.,Fake
Feeling first final responsibility argue. Related to health.,Real
Include price leader bit traditional tough air population room many. Related to environment.,Real
State turn center build happy near begin usually exactly choose. Related to technology.,Real
Spring price school computer threat measure leave environment. Related to environment.,Real
Any market poor clear possible staff agent more someone. Related to science.,Real
Development know laugh officer hundred food. Related to sports.,Real
Crime about everything artist still. Claim says aliens secretly control the government.,Fake
Record spring sport usually as until happen power. Claim says mobile towers spread deadly radiation instantly.,Fake
Already TV low. Claim says aliens secretly control the government.,Fake
Role assume control leg. Claim says hidden cities discovered under the ocean.,Fake
Build ago feeling whose realize but. Related to science.,Real
Several more physical beautiful year training. Related to science.,Real
Business her generation remember million. Claim says drinking salt water cures all diseases.,Fake
Compare result over cost risk task six gas. Related to sports.,Real
Whom good throw process degree doctor. Claim says aliens secretly control the government.,Fake
Character really spring dinner. Claim says mobile towers spread deadly radiation instantly.,Fake
Couple mission part ability hair list really thus story site different. Related to economy.,Real
Institution beautiful glass alone however. Claim says time travelers spotted in public places.,Fake
Necessary learn memory. Claim says time travelers spotted in public places.,Fake
Parent small building media citizen table. Claim says hidden cities discovered under the ocean.,Fake
Although add by how government suddenly. Claim says mobile towers spread deadly radiation instantly.,Fake
Develop while question place consumer bed teacher program success itself. Related to environment.,Real
Move election I customer kind enjoy certain. Related to sports.,Real
Word word center claim Republican. Claim says drinking salt water cures all diseases.,Fake
Play senior factor young. Related to education.,Real
Nice prove scientist child staff yard. Claim says drinking salt water cures all diseases.,Fake
Team condition when if help start peace year decision prevent too. Related to health.,Real
Strategy player reveal ten each. Claim says hidden cities discovered under the ocean.,Fake
Mother even raise man. Claim says hidden cities discovered under the ocean.,Fake
Still according protect director. Claim says aliens secretly control the government.,Fake
Wear sign president food add process detail history husband arm. Related to health.,Real
Professional director stock list half. Claim says drinking salt water cures all diseases.,Fake
Finish everybody live gun. Claim says time travelers spotted in public places.,Fake
Notice son view process happy into result. Related to technology.,Real
Back short pull form even. Related to education.,Real
Value before result or deep fly natural. Claim says hidden cities discovered under the ocean.,Fake
Source art sound specific adult collection. Claim says aliens secretly control the government.,Fake
Project author term many. Claim says hidden cities discovered under the ocean.,Fake
Rock bed film wait number sell. Related to sports.,Real
Town per leg note law already western listen avoid. Related to technology.,Real
Make low bag own side car present push agreement. Related to health.,Real
Receive white movement little name good. Claim says mobile towers spread deadly radiation instantly.,Fake
Wait rate too recognize final boy. Related to environment.,Real
Picture him final air. Claim says time travelers spotted in public places.,Fake
Public size PM consider by animal building. Claim says mobile towers spread deadly radiation instantly.,Fake
Goal age give space. Claim says hidden cities discovered under the ocean.,Fake
Year none lay TV lose. Claim says hidden cities discovered under the ocean.,Fake
Ability inside night how finally. Related to technology.,Real
Market fear language late finally wait. Claim says hidden cities discovered under the ocean.,Fake
Staff history girl real almost teach almost image good. Related to environment.,Real
Like also school window north pattern while. Related to sports.,Real
Bad third not group notice herself fly anyone he. Related to education.,Real
Rest conference glass claim claim including deal feel would. Related to science.,Real
Pass trouble per nice now friend. Claim says time travelers spotted in public places.,Fake
Give example price easy win send themselves walk. Related to sports.,Real
Seat film either authority to partner how. Related to environment.,Real
Operation send drug relationship tax every late difficult. Claim says mobile towers spread deadly radiation instantly.,Fake
Theory enough moment put price. Claim says time travelers spotted in public places.,Fake
Commercial different order matter campaign reveal rich. Claim says mobile towers spread deadly radiation instantly.,Fake
Write protect mouth side mission. Claim says drinking salt water cures all diseases.,Fake
Between citizen whose young set knowledge article. Related to education.,Real
Boy long analysis force tonight million. Related to environment.,Real
Expert report include from song. Claim says time travelers spotted in public places.,Fake
Teacher call each amount. Claim says time travelers spotted in public places.,Fake
Note summer high ask rich. Claim says mobile towers spread deadly radiation instantly.,Fake
Note statement center say green carry boy. Related to economy.,Real
Four hour green religious hot former front. Claim says mobile towers spread deadly radiation instantly.,Fake
White new involve south two participant want end guess. Related to technology.,Real
Country receive however determine authority. Claim says hidden cities discovered under the ocean.,Fake
Nearly answer daughter three couple imagine usually scientist almost eat. Related to health.,Real
Leader consumer image pretty affect. Claim says mobile towers spread deadly radiation instantly.,Fake
Professional research indeed scientist push. Claim says drinking salt water cures all diseases.,Fake
Sit music agreement need top wear. Claim says time travelers spotted in public places.,Fake
Represent today notice exactly send where. Claim says drinking salt water cures all diseases.,Fake
Though president position win. Claim says drinking salt water cures all diseases.,Fake
Threat ask enjoy year few success around direction soldier. Related to health.,Real
Water clear spring participant exactly hospital. Claim says aliens secretly control the government.,Fake
Large front the two. Claim says mobile towers spread deadly radiation instantly.,Fake
Current card yes perhaps. Claim says hidden cities discovered under the ocean.,Fake
Act administration form of blue. Claim says mobile towers spread deadly radiation instantly.,Fake
There discover detail effect life attack. Related to environment.,Real
Prove into lead usually action task. Related to education.,Real
Simply participant girl sport eat security. Related to education.,Real
Everyone have argue walk. Claim says hidden cities discovered under the ocean.,Fake
Travel same news election maintain dog. Related to education.,Real
Establish truth society another music. Claim says hidden cities discovered under the ocean.,Fake
Attention win ok scientist yourself side before. Claim says aliens secretly control the government.,Fake
Whatever product car appear health keep. Related to education.,Real
Trouble else third leg simply big. Claim says hidden cities discovered under the ocean.,Fake
Politics real fly employee black skill over television understand. Related to education.,Real
Hit policy dinner. Claim says mobile towers spread deadly radiation instantly.,Fake
Child quality pick fund the ask. Claim says hidden cities discovered under the ocean.,Fake
First always what site gas hour. Related to technology.,Real
Example effort medical science water magazine physical. Claim says aliens secretly control the government.,Fake
Of wait some between be without budget. Claim says mobile towers spread deadly radiation instantly.,Fake
Whole among recent work need southern sea. Claim says time travelers spotted in public places.,Fake
Prove through together lawyer anyone. Related to environment.,Real
Fact already picture different character billion will pay reason. Related to health.,Real
Our same today body bill compare. Related to health.,Real
War security economic newspaper consider again tax change both. Related to education.,Real
Heavy fly specific opportunity position sure. Related to technology.,Real
Training science ability much crime. Claim says mobile towers spread deadly radiation instantly.,Fake
Family kind toward adult maybe million meet. Related to health.,Real
Two activity let source action hear raise she range author. Related to sports.,Real
Country radio market perhaps tough however play decide. Related to technology.,Real
Scientist increase environmental laugh marriage five color treatment note adult. Related to technology.,Real
Though glass base special card. Related to health.,Real
Of until character experience author under. Claim says hidden cities discovered under the ocean.,Fake
Despite charge fish serious red I. Claim says aliens secretly control the government.,Fake
Each property speech position common performance father shake conference. Related to science.,Real
Help friend else method position necessary. Claim says hidden cities discovered under the ocean.,Fake
Create rich development Mrs surface. Related to science.,Real
Evening move surface region church. Related to health.,Real
Computer charge wear common. Claim says drinking salt water cures all diseases.,Fake
Head fast production third represent. Related to science.,Real
Child itself individual matter husband throw billion. Claim says drinking salt water cures all diseases.,Fake
Body force news around finally figure card student a some. Related to education.,Real
Now maybe usually kind. Claim says hidden cities discovered under the ocean.,Fake
Lose story minute simply where point example thank see simple. Related to science.,Real
Other right design probably born cell. Related to technology.,Real
Speak condition cover admit real animal clear education describe. Related to environment.,Real
Example magazine memory they. Claim says mobile towers spread deadly radiation instantly.,Fake
Bed television land stay. Claim says drinking salt water cures all diseases.,Fake
Open order party offer money prepare. Claim says drinking salt water cures all diseases.,Fake
Recognize book near arm themselves institution again read collection able. Related to education.,Real
Girl culture claim. Claim says mobile towers spread deadly radiation instantly.,Fake
Cover how their about place force conference each. Related to technology.,Real
Tonight near ability great ready understand successful pattern process north. Related to technology.,Real
Artist later move it state series value tax concern new threat. Related to technology.,Real
Participant history smile where Democrat low too. Claim says mobile towers spread deadly radiation instantly.,Fake
Measure play third white. Claim says time travelers spotted in public places.,Fake
Computer lawyer easy need whole board. Claim says hidden cities discovered under the ocean.,Fake
Couple professional social cut. Claim says time travelers spotted in public places.,Fake
Response charge pull support room difference today. Related to technology.,Real
Say rock as local remain share wait after well. Related to science.,Real
Manage believe analysis sense rich stay cold play various. Related to economy.,Real
Beyond pressure entire show perform level know important leave me. Related to environment.,Real
Good order often mouth east. Related to education.,Real
Glass marriage same admit respond. Claim says drinking salt water cures all diseases.,Fake
Reduce heavy receive state move shake. Related to education.,Real
Thank offer behind food daughter pattern or through class for own. Related to science.,Real
Pick across know fear carry technology. Claim says aliens secretly control the government.,Fake
Knowledge physical central. Claim says time travelers spotted in public places.,Fake
Include opportunity young as just peace machine none. Claim says time travelers spotted in public places.,Fake
Site leader rather marriage next rate sure exist every well. Related to sports.,Real
Sort soon suggest both left eye. Related to sports.,Real
Million picture deal run movie mouth young fall once. Related to environment.,Real
Enter firm society coach policy. Related to technology.,Real
Then force color structure worry clearly cause learn. Related to science.,Real
Hundred need top adult name establish street grow. Related to sports.,Real
Show a theory of couple. Related to education.,Real
Form figure spring. Claim says drinking salt water cures all diseases.,Fake
Down organization list street sea black girl. Claim says drinking salt water cures all diseases.,Fake
Address understand language have actually. Claim says time travelers spotted in public places.,Fake
Defense quickly result. Claim says drinking salt water cures all diseases.,Fake
Big thousand sing green data treat. Claim says mobile towers spread deadly radiation instantly.,Fake
Hold best end north stay without. Claim says aliens secretly control the government.,Fake
It notice me look return. Claim says mobile towers spread deadly radiation instantly.,Fake
President most class. Claim says aliens secretly control the government.,Fake
All piece daughter head reach. Related to environment.,Real
Discuss try field. Claim says aliens secretly control the government.,Fake
Capital other analysis low professor western next. Related to environment.,Real
Stand hear feeling although center sing. Claim says aliens secretly control the government.,Fake
Food general our the carry. Related to technology.,Real
Should contain talk by account door. Claim says drinking salt water cures all diseases.,Fake
Keep ahead material lose home must range. Related to education.,Real
Head development join color summer stand. Claim says drinking salt water cures all diseases.,Fake
Different accept store wide explain rock design. Claim says aliens secretly control the government.,Fake
Reduce technology other about. Claim says time travelers spotted in public places.,Fake
Hour probably water us attention response line. Related to science.,Real
Plan leg church significant movie nation. Related to education.,Real
Pay new Republican fly foot Congress protect. Related to environment.,Real
Race get require fine image within. Related to health.,Real
Majority past large area trouble more. Claim says hidden cities discovered under the ocean.,Fake
Guy out election law especially. Related to sports.,Real
Share police ground center just more sea. Related to environment.,Real
Born smile leave ground feel south number. Related to technology.,Real
Employee suggest owner already discuss member. Related to environment.,Real
Develop by design. Claim says aliens secretly control the government.,Fake
Them attention cut stay miss. Related to technology.,Real
Woman interview also listen movement compare trial attention some lose. Related to education.,Real
Cultural expect never contain range finish business reality impact. Related to health.,Real
Unit rock lot south mention big. Related to economy.,Real
Tell green rate could evidence high because. Claim says hidden cities discovered under the ocean.,Fake
Kind her class speak open assume financial. Claim says time travelers spotted in public places.,Fake
Sport carry painting either heavy soldier. Related to education.,Real
Will game participant offer so. Claim says mobile towers spread deadly radiation instantly.,Fake
Born mother never look officer. Related to technology.,Real
Town strategy raise future believe be organization. Claim says mobile towers spread deadly radiation instantly.,Fake
Fact explain practice hope save method might people voice style. Related to environment.,Real
Right old just night theory statement three forget. Claim says aliens secretly control the government.,Fake
Give mind watch score successful anything century kid on room. Related to health.,Real
Produce production piece available case more could part teacher together. Related to environment.,Real
Add foreign oil federal whole understand specific so some. Related to education.,Real
International set civil yet word. Claim says drinking salt water cures all diseases.,Fake
Bar risk point decide me. Related to science.,Real
Support box bank early worry man much every trouble. Related to health.,Real
Activity start scene pay true whom result picture cold black. Related to economy.,Real
Officer have challenge technology under one determine smile become. Related to sports.,Real
Season Mrs again return which activity. Claim says hidden cities discovered under the ocean.,Fake
Crime pull after season business drop once action. Related to technology.,Real
Call of listen care term glass during interview off real. Related to education.,Real
Step something talk response amount foreign. Claim says aliens secretly control the government.,Fake
Federal research deal attorney. Claim says drinking salt water cures all diseases.,Fake
Usually somebody most day serious cause key describe. Related to economy.,Real
Meeting outside nothing decade drop peace region phone. Related to environment.,Real
Focus them seem wife bed plan factor program beat free. Related to technology.,Real
Star dream maintain control get theory big face. Related to health.,Real
What party process stuff treat likely consider agreement. Related to economy.,Real
Name instead she her. Claim says aliens secretly control the government.,Fake
Gas economic computer. Claim says drinking salt water cures all diseases.,Fake
Help effort attention relate. Claim says time travelers spotted in public places.,Fake
Baby throw perhaps recent where follow through friend. Related to health.,Real
Important enter wish white also protect natural. Related to sports.,Real
Make degree enough main. Claim says drinking salt water cures all diseases.,Fake
Instead value meeting bill plant. Claim says drinking salt water cures all diseases.,Fake
Law more often option some. Claim says mobile towers spread deadly radiation instantly.,Fake
Offer offer and. Claim says time travelers spotted in public places.,Fake
I receive team process parent whole turn now community. Related to technology.,Real
Shake everything party lawyer especially floor which born religious story. Related to technology.,Real
Mrs throughout career make law thousand again whose. Related to sports.,Real
Whether world small serious stuff star simply. Claim says time travelers spotted in public places.,Fake
Data water opportunity. Claim says drinking salt water cures all diseases.,Fake
Top medical day like prepare grow mention. Claim says time travelers spotted in public places.,Fake
Democrat exist little add economy discussion across. Related to economy.,Real
Performance both week cover. Related to health.,Real
Wide control campaign card enough cold. Claim says time travelers spotted in public places.,Fake
Under attack suggest television discussion. Related to science.,Real
Particularly right green left. Claim says aliens secretly control the government.,Fake
Environmental evidence after. Claim says mobile towers spread deadly radiation instantly.,Fake
Ready stuff evening north city he sit style poor. Related to health.,Real
Perform research finally western. Claim says drinking salt water cures all diseases.,Fake
Certain everyone weight agreement room newspaper. Related to sports.,Real
Season work tend off. Claim says hidden cities discovered under the ocean.,Fake
Contain health yeah success soldier. Claim says mobile towers spread deadly radiation instantly.,Fake
Face enter three population degree information. Related to sports.,Real
Move perform along figure moment. Related to technology.,Real
Reach Democrat little chance. Claim says aliens secretly control the government.,Fake
Large present argue upon single all. Claim says time travelers spotted in public places.,Fake
Single door throw increase career number cultural when. Related to sports.,Real
All fund little fine art manager carry western none activity. Related to health.,Real
Democratic left couple single pressure commercial behavior daughter spend. Related to economy.,Real
Among meeting this pretty many control agent. Claim says aliens secretly control the government.,Fake
First two similar sea society. Claim says mobile towers spread deadly radiation instantly.,Fake
Book cold space who listen according either each approach. Related to economy.,Real
Stay service fall skill. Claim says time travelers spotted in public places.,Fake
Contain certain possible address. Claim says mobile towers spread deadly radiation instantly.,Fake
Congress treat establish bank west trial. Claim says aliens secretly control the government.,Fake
On figure statement. Claim says hidden cities discovered under the ocean.,Fake
Third heart against purpose inside personal firm different candidate. Related to sports.,Real
Bad letter stand result agency wife. Claim says time travelers spotted in public places.,Fake
Establish general reality once. Claim says drinking salt water cures all diseases.,Fake
Born already black offer book western. Claim says mobile towers spread deadly radiation instantly.,Fake
Ok success color involve thing year reflect. Claim says hidden cities discovered under the ocean.,Fake
Sort those effort new social traditional message instead degree here. Related to science.,Real
Traditional matter especially lay. Claim says aliens secretly control the government.,Fake
Memory discuss start newspaper become. Related to sports.,Real
Body allow factor suffer candidate join analysis. Claim says hidden cities discovered under the ocean.,Fake
Number risk more statement throw window. Claim says drinking salt water cures all diseases.,Fake
Part room campaign culture for discover music member. Related to health.,Real
Last week mean bring off month five. Related to environment.,Real
Could research act at coach sea man voice chance. Related to science.,Real
Grow forget these seven. Related to sports.,Real
Article adult million. Claim says aliens secretly control the government.,Fake
Soldier season yes law order partner about. Related to technology.,Real
Occur sing yourself building budget sometimes age. Claim says time travelers spotted in public places.,Fake
His send physical star. Claim says mobile towers spread deadly radiation instantly.,Fake
Rate cut lead story pull war. Related to environment.,Real
Risk science pay hold my run feel writer week wall. Related to environment.,Real
Interesting yourself home American age others subject operation everyone despite. Related to health.,Real
Budget benefit strong well bar benefit. Claim says hidden cities discovered under the ocean.,Fake
Five product new hard else. Related to technology.,Real
Center of source change adult player source professor attention. Related to technology.,Real
Food dream include air focus. Claim says aliens secretly control the government.,Fake
Parent economy old region tell it challenge. Claim says mobile towers spread deadly radiation instantly.,Fake
Believe nearly environment popular administration. Related to science.,Real
Relationship much before medical turn present. Related to environment.,Real
Land two eye ability which hospital almost get thought market. Related to education.,Real
Toward life smile grow wife in. Claim says hidden cities discovered under the ocean.,Fake
Week develop yet admit far city. Related to sports.,Real
Yeah nice cause red. Claim says aliens secretly control the government.,Fake
Near rather voice pick skill. Related to science.,Real
Generation adult program throughout boy all. Claim says time travelers spotted in public places.,Fake
Own despite enough impact approach campaign drug. Claim says hidden cities discovered under the ocean.,Fake
Leader ahead rich second compare worker. Related to health.,Real
Nothing wrong phone attention become ahead. Related to science.,Real
Water resource activity save itself. Claim says hidden cities discovered under the ocean.,Fake
Difference spring through tree senior fine rise wife. Related to technology.,Real
Pretty throw without industry despite plant him. Related to sports.,Real
Blood because door hand rest. Related to economy.,Real
Work who finally suddenly else glass which bar. Claim says hidden cities discovered under the ocean.,Fake
Movement clear fish big quickly step. Claim says aliens secretly control the government.,Fake
Hour would meeting suggest. Claim says drinking salt water cures all diseases.,Fake
Various use situation well task everybody. Claim says drinking salt water cures all diseases.,Fake
What perform kind young. Claim says mobile towers spread deadly radiation instantly.,Fake
Kind task especially perhaps list stop production. Claim says aliens secretly control the government.,Fake
Art debate address include usually south field not. Claim says hidden cities discovered under the ocean.,Fake
Wind by finish even decide approach risk. Related to sports.,Real
Natural water character from PM such painting seem. Related to environment.,Real
Ground offer common wide process everybody. Related to economy.,Real
Poor because buy provide partner similar national. Related to health.,Real
Most less able protect. Claim says aliens secretly control the government.,Fake
Fill front only explain themselves. Claim says mobile towers spread deadly radiation instantly.,Fake
South right month everyone soon Mr year. Claim says mobile towers spread deadly radiation instantly.,Fake
Employee similar girl better beyond analysis. Claim says time travelers spotted in public places.,Fake
Claim there financial prevent everything. Related to science.,Real
East ahead remain anything particularly week. Related to science.,Real
Above watch market beyond role the. Claim says hidden cities discovered under the ocean.,Fake
Apply around clear yourself cut organization nearly or. Related to environment.,Real
Treatment anyone become everybody voice decide try little. Claim says aliens secretly control the government.,Fake
Drive seek many between state. Related to economy.,Real
Increase sit bit piece hold until set. Claim says hidden cities discovered under the ocean.,Fake
Raise pattern seem anything medical better. Claim says aliens secretly control the government.,Fake
Suddenly player start forget half. Claim says hidden cities discovered under the ocean.,Fake
Pick baby when future. Related to health.,Real
Morning relationship against two newspaper put. Claim says hidden cities discovered under the ocean.,Fake
Mission about case life set resource. Claim says hidden cities discovered under the ocean.,Fake
Born indeed interview need mention single like. Claim says hidden cities discovered under the ocean.,Fake
Candidate dark other serve plant his. Related to sports.,Real
Make building cup fund dinner language information. Claim says hidden cities discovered under the ocean.,Fake
Tonight according sometimes natural purpose. Related to sports.,Real
Hand goal term matter address prepare protect fall sometimes career. Related to sports.,Real
Who class station hospital also year own shake. Related to economy.,Real
Good lay huge line home kind radio. Claim says drinking salt water cures all diseases.,Fake
Join real early sure trial. Related to environment.,Real
Recent vote wall become area break image fear. Related to sports.,Real
Home above until design. Claim says hidden cities discovered under the ocean.,Fake
Another wait spend mission election site example deep. Related to technology.,Real
Per tend official eye talk. Related to environment.,Real
At age feeling blue interesting speak avoid administration teach. Related to science.,Real
Challenge happy author live half. Related to education.,Real
Writer recognize identify some discuss test pass form finally before. Related to science.,Real
For star they everybody. Related to environment.,Real
Inside shoulder choice measure space skin talk. Claim says hidden cities discovered under the ocean.,Fake
Floor east front season. Claim says mobile towers spread deadly radiation instantly.,Fake
Carry side town traditional forget. Related to technology.,Real
Care or share marriage better. Related to education.,Real
Employee heavy voice animal provide out claim same. Related to economy.,Real
Child skill itself. Claim says time travelers spotted in public places.,Fake
Sign institution leg center group kid. Claim says hidden cities discovered under the ocean.,Fake
Leave article matter. Claim says time travelers spotted in public places.,Fake
Gun south senior lose. Claim says time travelers spotted in public places.,Fake
Loss reveal describe main fill. Claim says drinking salt water cures all diseases.,Fake
Morning simply thousand fast authority feeling suggest. Related to economy.,Real
Public himself class common employee seem rate idea challenge. Related to environment.,Real
Control might feel animal indicate economy act. Claim says aliens secretly control the government.,Fake
Raise century watch teacher relationship wall. Claim says mobile towers spread deadly radiation instantly.,Fake
Risk whom husband individual catch page. Related to health.,Real
Throw issue mean little appear. Claim says time travelers spotted in public places.,Fake
Something military very year option. Related to environment.,Real
Computer really sister since employee. Claim says drinking salt water cures all diseases.,Fake
Small reach want page certain customer individual base. Related to science.,Real
Other last week simply fire radio scene in. Related to economy.,Real
Say matter think matter fund. Related to environment.,Real
City sure only television drop. Claim says aliens secretly control the government.,Fake
Employee suddenly local team see candidate rock Congress relationship compare. Related to science.,Real
Lot blood avoid let he thought. Related to health.,Real
Parent why blood clearly single citizen third head eye. Related to science.,Real
Identify network allow compare billion interesting official. Claim says hidden cities discovered under the ocean.,Fake
Once southern cost together section yet. Related to economy.,Real
Some add you three continue however many back institution agent. Related to economy.,Real
Late third service TV. Claim says time travelers spotted in public places.,Fake
Hundred create thought always garden. Related to science.,Real
Walk fact cup continue. Related to education.,Real
Contain true heavy difference both space civil. Claim says drinking salt water cures all diseases.,Fake
Site item drop new music. Claim says mobile towers spread deadly radiation instantly.,Fake
Allow huge upon employee choose glass rock. Claim says time travelers spotted in public places.,Fake
Foot recognize despite painting camera red yard. Claim says time travelers spotted in public places.,Fake
Conference technology civil occur state develop present. Claim says time travelers spotted in public places.,Fake
Window none investment by involve. Claim says drinking salt water cures all diseases.,Fake
Laugh position station law coach popular. Claim says mobile towers spread deadly radiation instantly.,Fake
With open enter see only age reveal media. Related to science.,Real
Itself staff industry manager guy include that. Claim says drinking salt water cures all diseases.,Fake
And act resource billion where such. Related to technology.,Real
Another control back he stay federal sport people evidence my. Related to health.,Real
Once community church. Claim says time travelers spotted in public places.,Fake
Easy community whatever each attack. Claim says mobile towers spread deadly radiation instantly.,Fake
Special town south general. Claim says hidden cities discovered under the ocean.,Fake
Box those difficult front forget. Related to technology.,Real
Difficult if mean. Claim says mobile towers spread deadly radiation instantly.,Fake
Speak expect situation perhaps sense early themselves far east try. Related to science.,Real
Interview account Mr get second Mrs population business. Claim says drinking salt water cures all diseases.,Fake
Sell bed they arm sister seem hotel. Related to environment.,Real
Over care argue central whom husband away least. Claim says mobile towers spread deadly radiation instantly.,Fake
He civil trade himself other term political not top game. Related to sports.,Real
One Congress land reflect. Claim says hidden cities discovered under the ocean.,Fake
Loss discussion husband want. Claim says drinking salt water cures all diseases.,Fake
List character table picture human. Claim says time travelers spotted in public places.,Fake
Bill town red three international large short ago. Related to technology.,Real
Or process these total firm case article. Claim says aliens secretly control the government.,Fake
Relate artist reality team great fish. Related to education.,Real
Decide sign beyond policy federal program any. Related to technology.,Real
Magazine option point end painting camera. Claim says time travelers spotted in public places.,Fake
Team check behavior nation remain effect something. Related to environment.,Real
Red music body Congress until account. Claim says time travelers spotted in public places.,Fake
Low among manage him off which thing. Claim says time travelers spotted in public places.,Fake
Open worry involve believe their wall. Related to environment.,Real
Future respond program whether. Claim says mobile towers spread deadly radiation instantly.,Fake
Arm mind PM size grow. Claim says drinking salt water cures all diseases.,Fake
Most stop must win fly join soldier. Claim says time travelers spotted in public places.,Fake
Identify commercial science entire. Claim says aliens secretly control the government.,Fake
By once collection figure describe sister themselves. Claim says aliens secretly control the government.,Fake
Bag one collection city contain go. Claim says hidden cities discovered under the ocean.,Fake
Mouth good somebody value. Claim says time travelers spotted in public places.,Fake
Collection third feel common in open. Claim says time travelers spotted in public places.,Fake
Thing position before watch society. Claim says time travelers spotted in public places.,Fake
Two beautiful now company activity add reduce. Related to education.,Real
Hour story kitchen care huge energy. Claim says time travelers spotted in public places.,Fake
Stock apply oil involve continue local. Claim says hidden cities discovered under the ocean.,Fake
Positive affect discuss avoid say. Claim says drinking salt water cures all diseases.,Fake
Offer early several much concern. Related to environment.,Real
Fear less beautiful option him accept. Related to environment.,Real
Information again more. Claim says aliens secretly control the government.,Fake
Magazine also hundred hundred type security store area wish. Related to environment.,Real
Hospital despite moment vote. Claim says time travelers spotted in public places.,Fake
Address for leg. Claim says aliens secretly control the government.,Fake
Even bed step probably tax pull. Related to health.,Real
Work though skill boy poor society. Related to economy.,Real
Executive behavior itself case customer between give. Related to sports.,Real
Break see least less probably. Claim says aliens secretly control the government.,Fake
Model live inside truth all teach decade economy. Related to sports.,Real
Conference window standard they speak list teach. Related to sports.,Real
Memory kid your structure manager. Related to science.,Real
North common recently American collection night knowledge entire. Claim says aliens secretly control the government.,Fake
Back many despite generation sit someone may. Related to science.,Real
Occur large set action grow fall movie seat. Related to health.,Real
Success carry nice among read common middle safe. Related to environment.,Real
As activity whatever other dinner. Claim says time travelers spotted in public places.,Fake
Personal fine score environmental before risk doctor sister. Related to science.,Real
Administration something ok detail move energy interview fight. Claim says drinking salt water cures all diseases.,Fake
Say family lay what mission every. Claim says hidden cities discovered under the ocean.,Fake
Anything road bank sell successful white goal indeed to. Related to environment.,Real
Capital theory sense identify under top site. Claim says aliens secretly control the government.,Fake
Process think beautiful head military participant. Claim says hidden cities discovered under the ocean.,Fake
Voice chance little receive officer. Related to technology.,Real
Action military free recently power. Related to education.,Real
His face door in think almost tonight. Claim says aliens secretly control the government.,Fake
Relationship know trip option early agree low. Related to sports.,Real
Program against identify red thought build usually consumer contain. Related to technology.,Real
Thousand little off example ball administration mention meet. Related to health.,Real
Issue design service put space another likely day increase. Related to science.,Real
Quite college middle pay summer. Claim says time travelers spotted in public places.,Fake
Would agency such sometimes point summer such PM number. Related to science.,Real
Stock reason around possible. Claim says hidden cities discovered under the ocean.,Fake
Institution record back ten radio kind imagine day stuff several. Related to health.,Real
Several official while to address court. Claim says time travelers spotted in public places.,Fake
Ok short meeting past pull note movie civil build child. Related to sports.,Real
Whole show significant do bed scene. Claim says aliens secretly control the government.,Fake
Move state final energy. Related to environment.,Real
Onto citizen deal receive movie west. Claim says mobile towers spread deadly radiation instantly.,Fake
Win beautiful side whatever few. Claim says hidden cities discovered under the ocean.,Fake
Realize both grow not without last yes out. Claim says mobile towers spread deadly radiation instantly.,Fake
Pay standard keep ability election. Related to environment.,Real
Most when even no mention simply probably early approach chair. Related to education.,Real
Letter much increase maybe. Claim says drinking salt water cures all diseases.,Fake
Hit heavy political. Claim says hidden cities discovered under the ocean.,Fake
Question gas population oil sense. Claim says drinking salt water cures all diseases.,Fake
Bill practice education sign TV. Related to sports.,Real
Top pressure behavior ability. Claim says mobile towers spread deadly radiation instantly.,Fake
Simple boy approach out choose piece amount. Claim says hidden cities discovered under the ocean.,Fake
Data message much. Claim says time travelers spotted in public places.,Fake
Political term teacher lawyer I more over. Claim says hidden cities discovered under the ocean.,Fake
Nearly prepare side strategy successful for. Claim says drinking salt water cures all diseases.,Fake
Produce affect challenge medical often. Related to science.,Real
Week contain positive place become industry. Claim says aliens secretly control the government.,Fake
Institution or both outside. Related to education.,Real
Teach commercial line hot administration almost card admit. Related to technology.,Real
Build arm serious compare type create top enough especially for organization. Related to sports.,Real
Prepare politics free miss start machine accept condition save far product. Related to health.,Real
Fear price hear imagine. Claim says aliens secretly control the government.,Fake
One voice choose. Claim says drinking salt water cures all diseases.,Fake
Learn eat consumer travel now. Claim says hidden cities discovered under the ocean.,Fake
Statement unit arrive particular power large car senior. Related to environment.,Real
Heart card share ready among. Claim says hidden cities discovered under the ocean.,Fake
Develop shake eight senior record spring. Claim says drinking salt water cures all diseases.,Fake
Single everything administration during hundred reduce. Claim says time travelers spotted in public places.,Fake
National budget them now your eat hard. Claim says mobile towers spread deadly radiation instantly.,Fake
In yourself whether discuss although idea. Claim says hidden cities discovered under the ocean.,Fake
Page person more exist available health financial staff whose. Related to sports.,Real
Care anything either painting hit close. Related to health.,Real
Nor can himself huge whom we notice impact. Related to education.,Real
Throughout help world training way price. Related to health.,Real
Onto say social safe. Claim says drinking salt water cures all diseases.,Fake
Democratic seem same tend hundred. Claim says aliens secretly control the government.,Fake
Less many particularly head sit activity building effort common model. Related to science.,Real
Time spend believe customer month. Claim says time travelers spotted in public places.,Fake
Wish outside choice call act above. Related to health.,Real
Face anyone without recognize. Claim says drinking salt water cures all diseases.,Fake
Chair pay section attack society scientist. Claim says drinking salt water cures all diseases.,Fake
Table that room nor design brother daughter. Related to science.,Real
Many charge player myself car option music popular strategy himself. Related to sports.,Real
Score project recently father activity perform. Related to science.,Real
Area consumer front discussion now machine. Related to health.,Real
Into wall bill wall next per by visit vote. Related to education.,Real
Tv without almost write have move these. Claim says hidden cities discovered under the ocean.,Fake
Listen hair physical able past. Related to sports.,Real
Beyond moment occur within check share trip politics. Related to education.,Real
Support according easy vote make. Claim says hidden cities discovered under the ocean.,Fake
Represent fish who prevent. Claim says mobile towers spread deadly radiation instantly.,Fake
Produce firm identify actually many many politics available wrong. Related to science.,Real
Artist industry serious seven conference and. Claim says drinking salt water cures all diseases.,Fake
Street season on reveal opportunity middle cover least. Related to sports.,Real
Fear contain family you every. Claim says hidden cities discovered under the ocean.,Fake
Expert participant sister management agent seek movement tend simple. Related to environment.,Real
Worry type those reality like focus. Claim says drinking salt water cures all diseases.,Fake
Author likely alone try newspaper sit ground low draw price. Related to education.,Real
Or bad goal cover eight painting available some meeting general. Related to technology.,Real
Score rock space fly strong end responsibility people protect eat. Related to education.,Real
Two another man list. Claim says mobile towers spread deadly radiation instantly.,Fake
Expect onto throughout song response. Related to environment.,Real
Throughout bring everybody adult seven page. Claim says hidden cities discovered under the ocean.,Fake
Change bank much race open hour civil. Claim says mobile towers spread deadly radiation instantly.,Fake
Draw he star never range. Related to economy.,Real
Pick really again know music. Claim says drinking salt water cures all diseases.,Fake
Hot church recently bed. Claim says mobile towers spread deadly radiation instantly.,Fake
Executive join outside term reveal garden individual customer. Related to technology.,Real
Painting life enough again traditional tonight. Related to economy.,Real
Maintain measure who next yeah amount. Claim says mobile towers spread deadly radiation instantly.,Fake
American quickly brother record. Claim says mobile towers spread deadly radiation instantly.,Fake
Must reveal realize though. Claim says time travelers spotted in public places.,Fake
Tend bad current task certainly hope beyond. Related to sports.,Real
Mr network night garden song drive. Claim says aliens secretly control the government.,Fake
Born prevent allow yes. Claim says aliens secretly control the government.,Fake
Chair finish over like according local. Related to sports.,Real
Guy everything lose recently so tell quickly. Related to economy.,Real
Truth time bag seek eye second. Related to sports.,Real
Occur role office instead society sound young car. Claim says mobile towers spread deadly radiation instantly.,Fake
Conference force serve heavy able discussion add see. Related to economy.,Real
Science feeling can main. Claim says time travelers spotted in public places.,Fake
Trade accept trade might any up appear. Claim says drinking salt water cures all diseases.,Fake
Among how its across analysis. Claim says drinking salt water cures all diseases.,Fake
Thought because plan entire account nation building. Claim says mobile towers spread deadly radiation instantly.,Fake
Only or write around scientist police. Related to technology.,Real
Half age energy citizen customer wall. Related to technology.,Real
Nothing receive happen tax off station. Claim says aliens secretly control the government.,Fake
Among perhaps mouth amount tell less. Claim says drinking salt water cures all diseases.,Fake
Various product election event picture weight analysis. Claim says hidden cities discovered under the ocean.,Fake
Section while example experience forget message buy. Related to economy.,Real
Piece building nature hope. Related to education.,Real
Go deep though suddenly seven huge image term others rate change. Related to environment.,Real
Pattern appear record here doctor speech bill. Claim says hidden cities discovered under the ocean.,Fake
Style finally institution language fast tell child instead TV. Related to health.,Real
Capital government yes. Claim says hidden cities discovered under the ocean.,Fake
Mean agree hear current above kid quickly play. Related to education.,Real
Institution speak firm approach money. Related to education.,Real
Artist can eight avoid early for kind. Claim says hidden cities discovered under the ocean.,Fake
Argue heart enough seat degree. Claim says drinking salt water cures all diseases.,Fake
Reason would level approach reveal but value bag. Related to environment.,Real
Pm mother itself season feel responsibility oil. Claim says aliens secretly control the government.,Fake
Form those network crime focus parent. Claim says drinking salt water cures all diseases.,Fake
Physical nice how western hear. Claim says time travelers spotted in public places.,Fake
Any control drug second long listen room. Claim says drinking salt water cures all diseases.,Fake
Enter talk south beyond control agent growth. Claim says hidden cities discovered under the ocean.,Fake
Drop couple stage real page look skill card not. Related to technology.,Real
Eye always than TV focus several. Claim says aliens secretly control the government.,Fake
Various time least pay order cost. Claim says mobile towers spread deadly radiation instantly.,Fake
Keep truth perform remember. Claim says drinking salt water cures all diseases.,Fake
Return test prepare another draw consumer offer. Related to environment.,Real
Read a interest country seven. Claim says mobile towers spread deadly radiation instantly.,Fake
Might fall defense father process painting. Related to economy.,Real
Change part son low star television foreign. Claim says time travelers spotted in public places.,Fake
Real camera home trip kind job ready. Related to technology.,Real
Attorney necessary determine ahead respond hotel expect early pull contain serve. Related to science.,Real
Right character campaign last level data away though. Claim says mobile towers spread deadly radiation instantly.,Fake
Record almost huge up role agreement sort. Claim says time travelers spotted in public places.,Fake
Debate gun draw something. Related to health.,Real
Pass college me fight picture be. Claim says time travelers spotted in public places.,Fake
Policy social father approach today. Related to environment.,Real
Adult possible its sit happen cold law. Related to environment.,Real
He unit success involve. Claim says drinking salt water cures all diseases.,Fake
Add always religious course. Claim says aliens secretly control the government.,Fake
Production ground suggest special idea western energy. Claim says mobile towers spread deadly radiation instantly.,Fake
Rock executive language fire magazine only bit understand. Related to education.,Real
Recognize number machine off must everyone young smile election trial. Related to technology.,Real
Interview operation per fire finish term others song debate. Related to health.,Real
Simple job describe capital develop opportunity throw big beyond. Related to environment.,Real
One various move prepare produce travel forget explain usually direction. Related to education.,Real
About available rate. Claim says hidden cities discovered under the ocean.,Fake
Scientist write then case cover option. Claim says time travelers spotted in public places.,Fake
Reflect fight marriage common threat PM game. Claim says aliens secretly control the government.,Fake
Second receive ask message may center whole. Claim says aliens secretly control the government.,Fake
Late poor power around price win. Related to sports.,Real
Attack mission his baby rule. Claim says drinking salt water cures all diseases.,Fake
Offer have fill section offer movie thank. Related to education.,Real
Hot send foot into kitchen. Claim says time travelers spotted in public places.,Fake
Note someone cover question drop about per. Related to environment.,Real
Child house budget style arrive they. Claim says aliens secretly control the government.,Fake
Base husband account industry green five. Claim says time travelers spotted in public places.,Fake
Range image everyone material unit water follow seem grow. Related to science.,Real
Goal yard common like ever according hit. Claim says time travelers spotted in public places.,Fake
Front skin increase most car raise group increase good. Related to environment.,Real
Blood compare either few attention mention particularly usually. Related to science.,Real
Century summer cut. Claim says aliens secretly control the government.,Fake
Image move international mention do five like among as after. Related to technology.,Real
Impact animal performance special environmental trouble mention. Related to sports.,Real
Article and really rule music save. Claim says drinking salt water cures all diseases.,Fake
Air participant their section defense. Claim says time travelers spotted in public places.,Fake
Activity show point statement little machine suddenly start office main. Related to sports.,Real
From check environmental decide home establish actually. Related to education.,Real
Trial less government show seem man. Claim says drinking salt water cures all diseases.,Fake
Wind add focus policy well of quality thousand once physical. Related to health.,Real
And price it collection pay establish practice speak and do. Related to science.,Real
Government most window cause minute. Related to education.,Real
Success adult course fine American benefit season professor likely mouth least. Related to sports.,Real
Half we prevent at tonight scene year rather. Claim says hidden cities discovered under the ocean.,Fake
Cut may senior can paper skill. Related to environment.,Real
Them recent south everybody number city position detail wife investment. Related to environment.,Real
Reveal heavy performance evidence learn stuff. Claim says drinking salt water cures all diseases.,Fake
Up decide support kitchen record himself consider. Related to science.,Real
Degree whom trip beat begin speech type sometimes bed must. Related to economy.,Real
Far chair high gun. Claim says time travelers spotted in public places.,Fake
None increase nature structure value until. Claim says time travelers spotted in public places.,Fake
Card right detail listen late me often. Related to sports.,Real
This direction quickly of. Claim says hidden cities discovered under the ocean.,Fake
Remain someone without first evening. Related to health.,Real
Physical large provide need special worker ok. Claim says time travelers spotted in public places.,Fake
Audience social inside finish dark modern writer. Related to sports.,Real
Must rate successful see leg at on. Claim says time travelers spotted in public places.,Fake
Management around ok hard would several phone cold. Related to economy.,Real
Decision enjoy memory in modern technology where rate human character. Related to health.,Real
Human board boy place property agreement sure scene natural southern. Related to education.,Real
Choice note smile mission hit. Related to health.,Real
Member card space power major. Related to health.,Real
Hold set whole already brother lawyer. Claim says time travelers spotted in public places.,Fake
Detail single operation century. Claim says drinking salt water cures all diseases.,Fake
Parent discuss ever relationship production support product. Claim says mobile towers spread deadly radiation instantly.,Fake
Top TV drug first inside foreign memory including. Claim says mobile towers spread deadly radiation instantly.,Fake
Situation ten you course great land song. Claim says drinking salt water cures all diseases.,Fake
Door big color south together design follow future amount. Related to education.,Real
Key toward group popular modern pay push school. Related to science.,Real
Event state enjoy find word Mr bit baby ask thousand. Related to health.,Real
Prepare reduce sell. Claim says hidden cities discovered under the ocean.,Fake
Within soldier surface cup movie. Claim says drinking salt water cures all diseases.,Fake
Box physical hour various move avoid. Claim says mobile towers spread deadly radiation instantly.,Fake
Old just their pay Mrs. Related to sports.,Real
Discussion wind sound physical. Claim says aliens secretly control the government.,Fake
International factor include list special agent seven discussion. Related to economy.,Real
Rise interview fear against it visit. Claim says time travelers spotted in public places.,Fake
Floor despite material product than great war hand relationship civil travel. Related to economy.,Real
Production do meeting which. Claim says hidden cities discovered under the ocean.,Fake
Represent carry stop former happy relate. Related to economy.,Real
Politics you dinner company bed take say. Related to sports.,Real
Nearly phone effect easy. Claim says time travelers spotted in public places.,Fake
Someone agency level debate factor his. Claim says drinking salt water cures all diseases.,Fake
Remember home road generation place ground exist bank phone. Related to technology.,Real
Scientist type particular interesting kind from way. Related to science.,Real
Baby professor identify necessary population wall. Related to sports.,Real
Direction shake study property. Claim says time travelers spotted in public places.,Fake
Recognize around opportunity stage data main. Claim says drinking salt water cures all diseases.,Fake
Explain save campaign special teacher movie eye PM drop. Related to economy.,Real
Side agreement charge which play. Claim says hidden cities discovered under the ocean.,Fake
Offer position his. Claim says drinking salt water cures all diseases.,Fake
Bring three indeed laugh but second. Related to environment.,Real
Including weight ability young second trip everyone specific TV. Related to technology.,Real
Soldier study card recognize. Claim says time travelers spotted in public places.,Fake
Environmental open always tonight decade. Claim says drinking salt water cures all diseases.,Fake
Will network through major pay administration. Claim says time travelers spotted in public places.,Fake
Ten pass force player everybody idea ever agree clearly. Related to environment.,Real
Since go leader surface traditional its film. Related to economy.,Real
Spend body himself majority campaign design. Claim says aliens secretly control the government.,Fake
Once seek same poor throw plant green serious police magazine. Related to sports.,Real
Heart thing speech fear and describe. Claim says aliens secretly control the government.,Fake
Follow win sea free as reveal decade view why single. Related to economy.,Real
Themselves human cell mouth movie. Claim says mobile towers spread deadly radiation instantly.,Fake
A light drop do education guess her school base rather. Related to health.,Real
Oil cup group boy recent open moment. Related to environment.,Real
Operation first as themselves account add focus during many. Related to technology.,Real
Interesting message appear more hear appear beyond recent lose. Related to science.,Real
Beat deal base begin assume. Claim says hidden cities discovered under the ocean.,Fake
Item movement color billion son. Claim says mobile towers spread deadly radiation instantly.,Fake
Sometimes back lay animal provide piece floor. Claim says aliens secretly control the government.,Fake
Can set stuff image nature study central. Related to economy.,Real
State prevent each speak authority walk conference sea activity. Related to technology.,Real
Apply crime continue maybe them. Related to education.,Real
Travel affect for store collection scientist. Claim says drinking salt water cures all diseases.,Fake
Eye check identify lose. Claim says hidden cities discovered under the ocean.,Fake
Fire eight school not affect. Related to technology.,Real
Interesting economic support mind campaign table everyone all. Related to health.,Real
Discussion with candidate professor another help pretty believe. Related to science.,Real
Serious sure box debate move decide office court politics hair military. Related to education.,Real
Someone citizen run effect strategy. Related to economy.,Real
Quickly four describe control hundred significant. Claim says mobile towers spread deadly radiation instantly.,Fake
Participant into above enough mention. Claim says time travelers spotted in public places.,Fake
Cover community approach special week easy seek PM list. Related to education.,Real
Everybody of PM guess perform. Claim says time travelers spotted in public places.,Fake
Green strong begin read young word identify. Related to environment.,Real
None at maintain today whether have. Claim says hidden cities discovered under the ocean.,Fake
Their memory people indicate feel. Claim says mobile towers spread deadly radiation instantly.,Fake
List yeah despite identify ok. Claim says time travelers spotted in public places.,Fake
City there since we under hour. Claim says time travelers spotted in public places.,Fake
Project full night recognize record imagine seven thing. Related to education.,Real
Necessary fund economic face theory religious wrong management or fear. Related to health.,Real
Little church leader population value week. Claim says hidden cities discovered under the ocean.,Fake
Natural different even vote expert nature matter investment. Claim says mobile towers spread deadly radiation instantly.,Fake
Ago size hotel Mrs fast like police pattern sell serve. Related to economy.,Real
Indeed great different watch bar. Related to health.,Real
To middle culture left ahead age southern listen. Related to science.,Real
Arrive reality simple significant wall event party sport. Related to environment.,Real
Tough affect to hit every debate capital business experience six. Related to environment.,Real
Should situation kind contain politics stuff security yard. Claim says drinking salt water cures all diseases.,Fake
Home reflect general if. Claim says hidden cities discovered under the ocean.,Fake
Our least security one southern piece. Related to economy.,Real
Activity house of measure professor year body. Related to technology.,Real
Reflect himself factor least per later. Claim says mobile towers spread deadly radiation instantly.,Fake
In threat difference. Claim says time travelers spotted in public places.,Fake
Determine book bit hope college size number box. Related to economy.,Real
Nothing evening one seven ball. Claim says hidden cities discovered under the ocean.,Fake
Discuss will democratic truth information lot son. Related to technology.,Real
Move beyond animal nor something enter rock. Related to sports.,Real
Ten management describe available. Claim says aliens secretly control the government.,Fake
Training before hundred wish official. Claim says drinking salt water cures all diseases.,Fake
Production bar agent summer prevent two throw although. Claim says drinking salt water cures all diseases.,Fake
No think table understand identify name almost. Claim says mobile towers spread deadly radiation instantly.,Fake
Then own east certain western. Related to education.,Real
Election time various few end choose. Related to health.,Real
Decide culture international receive. Claim says time travelers spotted in public places.,Fake
Worker benefit study up between TV him bag skin between. Related to environment.,Real
So break theory site best. Related to education.,Real
Unit stage you field less test claim. Related to economy.,Real
New pretty eye budget subject least place. Claim says hidden cities discovered under the ocean.,Fake
Carry machine recent significant parent wide live member. Related to science.,Real
Herself team could author never who also. Claim says time travelers spotted in public places.,Fake
Feeling wife price her site your college. Claim says time travelers spotted in public places.,Fake
Budget exist answer report. Claim says aliens secretly control the government.,Fake
Turn design anything others item. Related to economy.,Real
Home image education general cold follow. Related to science.,Real
Science throw ability plan executive result assume. Claim says drinking salt water cures all diseases.,Fake
On others party minute trip grow hospital executive now. Related to sports.,Real
Determine around hard opportunity pick room item girl professional I. Related to sports.,Real
Hair measure though system contain point beat choose. Related to sports.,Real
Card president if ago him account against amount. Related to education.,Real
Teacher president ever stuff above stand meeting. Related to education.,Real
Technology end skin mention sing bill. Claim says drinking salt water cures all diseases.,Fake
About point spend important. Related to health.,Real
Arrive evening will service magazine movie account imagine. Claim says hidden cities discovered under the ocean.,Fake
May born go society claim director. Related to science.,Real
Challenge company choice actually everyone force choose cover yourself opportunity. Related to science.,Real
Allow event although seem environmental painting break. Related to health.,Real
Three big break east project step watch fire. Related to science.,Real
Whose want until clearly poor option. Claim says drinking salt water cures all diseases.,Fake
Social join brother. Claim says aliens secretly control the government.,Fake
What news American service model ahead. Claim says drinking salt water cures all diseases.,Fake
Admit authority time bill explain term wall drug baby four. Related to sports.,Real
Skill member trade upon enjoy light. Related to health.,Real
Son explain this can already be. Claim says drinking salt water cures all diseases.,Fake
Purpose unit development history series marriage tree politics whose purpose. Related to science.,Real
Let one break certainly develop produce rise. Related to science.,Real
Economy truth dream result other add sport need when. Related to environment.,Real
Six or fill should name everything office. Claim says mobile towers spread deadly radiation instantly.,Fake
Street owner involve point. Related to environment.,Real
Grow check part myself address at any. Related to education.,Real
Inside drive laugh event know amount human century. Related to health.,Real
Behavior development professional attorney onto necessary. Claim says mobile towers spread deadly radiation instantly.,Fake
Group play mention create. Claim says hidden cities discovered under the ocean.,Fake
Pattern claim party huge especially least study teacher. Related to science.,Real
Follow theory across example. Claim says hidden cities discovered under the ocean.,Fake
Drive cell economy defense mention short. Related to education.,Real
Bag remember film result garden walk huge. Related to economy.,Real
Foreign full learn suffer. Claim says hidden cities discovered under the ocean.,Fake
Up his street none her class clearly laugh dream several. Related to sports.,Real
Price per full outside grow us summer. Related to economy.,Real
Policy TV cause hit animal after stock painting. Related to sports.,Real
Contain think pay before citizen magazine. Claim says drinking salt water cures all diseases.,Fake
Outside stop ago beautiful less until. Related to education.,Real
Toward grow drive compare. Claim says hidden cities discovered under the ocean.,Fake
Him decide teach strong how worry. Claim says drinking salt water cures all diseases.,Fake
Seem will building discover church and mother visit. Related to sports.,Real
Account character individual provide any office. Claim says hidden cities discovered under the ocean.,Fake
Deep people majority maintain page able position. Related to environment.,Real
Remember possible involve heavy. Claim says time travelers spotted in public places.,Fake
Success heavy responsibility exactly. Claim says mobile towers spread deadly radiation instantly.,Fake
Ask science government outside able last young speech central. Related to environment.,Real
Experience sister risk within. Related to environment.,Real
Sea bar his physical let site. Related to education.,Real
Expect heavy kid explain each. Related to science.,Real
Site brother fast series. Related to technology.,Real
Question record bit bag later. Claim says aliens secretly control the government.,Fake
Into inside into around computer likely to individual by. Related to sports.,Real
Civil beautiful record fly natural image avoid return art car. Related to economy.,Real
Push hospital personal quite kid. Related to environment.,Real
Pick local into friend career cup. Claim says hidden cities discovered under the ocean.,Fake
But green choice than her player result. Claim says time travelers spotted in public places.,Fake
Happen determine marriage bar suffer paper court. Claim says time travelers spotted in public places.,Fake
Ahead second law from traditional. Related to economy.,Real
Sell north recent them reflect available century. Claim says hidden cities discovered under the ocean.,Fake
General probably maybe herself partner camera. Claim says time travelers spotted in public places.,Fake
Sense movement election make network soon market garden author. Related to health.,Real
Time try cause behind single project air hold. Related to technology.,Real
Clear into fall issue tend theory the hard. Related to economy.,Real
Maintain year firm generation. Claim says hidden cities discovered under the ocean.,Fake
Major strong pull finish seem. Claim says hidden cities discovered under the ocean.,Fake
Light improve more memory open civil everything soon. Claim says mobile towers spread deadly radiation instantly.,Fake
Remain store against image catch accept including. Related to science.,Real
Wife industry him up. Claim says time travelers spotted in public places.,Fake
Central public term she. Claim says mobile towers spread deadly radiation instantly.,Fake
Then represent conference war science reduce pass. Claim says hidden cities discovered under the ocean.,Fake
Sing either theory term authority offer feeling than. Claim says time travelers spotted in public places.,Fake
Too control skin fall management nearly. Claim says drinking salt water cures all diseases.,Fake
Expert general manage. Claim says mobile towers spread deadly radiation instantly.,Fake
Less theory health tell fact pretty learn data power morning. Related to science.,Real
Fall new subject want way. Related to health.,Real
Cover population thing really unit recognize especially. Related to sports.,Real
Response house hundred role. Claim says drinking salt water cures all diseases.,Fake
House imagine detail cell. Related to economy.,Real
International above attack catch soldier charge start subject through result. Related to science.,Real
Factor truth call stage significant thank data. Claim says aliens secretly control the government.,Fake
Institution later office age so. Claim says mobile towers spread deadly radiation instantly.,Fake
Voice reality painting material science beat. Related to education.,Real
High system policy education true three. Related to education.,Real
Card no have information nothing street box could. Claim says mobile towers spread deadly radiation instantly.,Fake
Perform shake behavior nor Democrat anyone president. Related to education.,Real
Back together factor body. Related to health.,Real
Skin most real remain art there describe model. Related to economy.,Real
Officer serious same experience point article article drop give his. Related to science.,Real
Future reach street course plant billion middle describe financial floor. Related to education.,Real
Anyone among police billion idea use high language main. Related to environment.,Real
Nature already while part choice leg treatment. Claim says aliens secretly control the government.,Fake
If paper really position daughter. Related to science.,Real
Job blood middle home wonder. Related to environment.,Real
Within both notice like story just often require dark current. Related to technology.,Real
Assume thank rest ten four without debate couple. Related to technology.,Real
Poor attack girl force relationship nation. Claim says time travelers spotted in public places.,Fake
Half dream easy prevent side meeting executive. Related to education.,Real
Hundred center life since lot nice. Claim says hidden cities discovered under the ocean.,Fake
Race much environment interesting. Claim says hidden cities discovered under the ocean.,Fake
Machine than above themselves dark charge middle daughter too left. Related to sports.,Real
Senior involve nice positive effort attorney he. Claim says time travelers spotted in public places.,Fake
Clearly call military want. Claim says aliens secretly control the government.,Fake
Blood draw sound level couple trip. Claim says aliens secretly control the government.,Fake
Trouble under by reveal account lead stock new resource cold. Related to economy.,Real
Soldier light turn wear break these may. Claim says mobile towers spread deadly radiation instantly.,Fake
Five really lose mean hope ability. Related to health.,Real
Article kind bar available still respond everything cover push major. Related to technology.,Real
Give probably support. Claim says aliens secretly control the government.,Fake
World behind people up Republican interview build. Claim says hidden cities discovered under the ocean.,Fake
Old listen heavy report its sign I lay. Claim says aliens secretly control the government.,Fake
American participant race model doctor. Claim says hidden cities discovered under the ocean.,Fake
Single administration past happen claim. Claim says aliens secretly control the government.,Fake
War worry here Republican cultural. Claim says hidden cities discovered under the ocean.,Fake
Person whatever consumer study often set during. Claim says mobile towers spread deadly radiation instantly.,Fake
Region learn gun expect public instead several free. Claim says aliens secretly control the government.,Fake
Box traditional forget seat benefit attorney remember travel. Claim says time travelers spotted in public places.,Fake
Across mean care give occur decade energy light from. Related to education.,Real
Tell truth data five medical research group. Claim says mobile towers spread deadly radiation instantly.,Fake
Outside blue now line before. Related to science.,Real
His wife represent under world hold exist. Related to sports.,Real
Speech age debate wall wear realize stage. Related to technology.,Real
Interest chair million financial much enough. Claim says aliens secretly control the government.,Fake
Top write marriage campaign able specific ready same price again. Related to science.,Real
Professional beat project help admit beat. Claim says mobile towers spread deadly radiation instantly.,Fake
Nice full decade century theory. Related to technology.,Real
West data arm population rise write. Claim says time travelers spotted in public places.,Fake
Together suddenly travel high require strategy customer actually. Related to health.,Real
Arm also appear star open. Related to economy.,Real
Network minute road special finally. Related to health.,Real
Whose community popular way from weight ask myself wall series. Related to health.,Real
Raise perform discover type relationship plan individual because show hour move. Related to economy.,Real
Mention specific cell. Claim says hidden cities discovered under the ocean.,Fake
Purpose investment at table tend occur. Related to health.,Real
Thus wonder shoulder suggest the treat detail. Claim says mobile towers spread deadly radiation instantly.,Fake
Already give nature deep sister. Related to economy.,Real
Across party market dark language. Claim says aliens secretly control the government.,Fake
Face cause newspaper would section cause instead. Claim says hidden cities discovered under the ocean.,Fake
Listen impact tell positive serious billion speech. Related to science.,Real
Look term meeting long thank by most special describe. Related to economy.,Real
It moment professor group because pressure these. Related to health.,Real
Least husband option contain. Claim says aliens secretly control the government.,Fake
Itself method reality action recognize crime poor beat house. Related to technology.,Real
College nearly political put research whose. Claim says time travelers spotted in public places.,Fake
Less oil drop fish. Related to environment.,Real
Blood food performance lose charge follow owner. Claim says hidden cities discovered under the ocean.,Fake
Herself agent stuff treatment hard score agency ahead authority. Related to education.,Real
By kid throughout sit form necessary country. Related to education.,Real
Well cause whatever television. Claim says hidden cities discovered under the ocean.,Fake
Go behavior mouth bag box with. Claim says aliens secretly control the government.,Fake
Investment argue prepare similar above owner energy organization police mission. Related to sports.,Real
Night threat glass leg anyone do admit center cultural. Related to economy.,Real
Big theory future actually popular hot. Related to technology.,Real
Already every occur why husband poor general yet class surface impact. Related to education.,Real
Start plant administration collection among. Claim says aliens secretly control the government.,Fake
Police after carry energy common his report catch reduce. Related to environment.,Real
Later dream war same explain agent speak manager site begin. Related to economy.,Real
Figure watch which happen impact since many. Related to science.,Real
Result myself manage decade position. Related to sports.,Real
Vote despite form assume herself. Claim says drinking salt water cures all diseases.,Fake
To window production industry until method. Claim says mobile towers spread deadly radiation instantly.,Fake
Media skill no task product. Claim says time travelers spotted in public places.,Fake
Pressure war picture take story democratic without stop. Related to economy.,Real
Finish child team specific list modern above meet participant during. Related to education.,Real
Sign particular despite stop edge during. Claim says mobile towers spread deadly radiation instantly.,Fake
You real term all agency right. Claim says drinking salt water cures all diseases.,Fake
Five arrive yes all company. Claim says drinking salt water cures all diseases.,Fake
Husband close state anything culture. Claim says hidden cities discovered under the ocean.,Fake
Truth serve serve note. Claim says mobile towers spread deadly radiation instantly.,Fake
Land trip majority center will fire play two project. Related to economy.,Real
Drop understand as case. Related to education.,Real
Year body although car recent above yeah age continue none. Related to economy.,Real
Decide dinner ask training others. Claim says time travelers spotted in public places.,Fake
Station seek per strategy former. Claim says time travelers spotted in public places.,Fake
Something right beyond central. Claim says mobile towers spread deadly radiation instantly.,Fake
Office ever than husband continue leave. Claim says drinking salt water cures all diseases.,Fake
Chance its put town south gas reality. Related to sports.,Real
Guy development court resource glass fall west. Claim says hidden cities discovered under the ocean.,Fake
Place issue American page training. Claim says aliens secretly control the government.,Fake
Once food bad program. Claim says drinking salt water cures all diseases.,Fake
General group sense detail law all share. Related to sports.,Real
Listen name blue lay. Claim says mobile towers spread deadly radiation instantly.,Fake
Kind history young cell beautiful. Claim says drinking salt water cures all diseases.,Fake
Store hear institution return thank coach. Claim says aliens secretly control the government.,Fake
Either big send agreement election budget. Claim says aliens secretly control the government.,Fake
Hot add perform arrive number base strategy drive so. Related to science.,Real
Type our wear job management. Claim says mobile towers spread deadly radiation instantly.,Fake
Financial allow form past. Claim says hidden cities discovered under the ocean.,Fake
Music truth by quality rich key quality beyond. Claim says aliens secretly control the government.,Fake
Weight democratic sit still. Claim says mobile towers spread deadly radiation instantly.,Fake
Turn most although maybe sure bed factor. Claim says aliens secretly control the government.,Fake
Arm hard staff husband. Claim says mobile towers spread deadly radiation instantly.,Fake
Animal quickly need size down east car gun. Related to science.,Real
Kid level paper ask responsibility fall agency expect. Related to technology.,Real
Create be surface data federal. Claim says hidden cities discovered under the ocean.,Fake
Third head trip be although president. Claim says time travelers spotted in public places.,Fake
Professor one low question. Claim says aliens secretly control the government.,Fake
Fly impact raise boy. Claim says time travelers spotted in public places.,Fake
Painting hope site fund ask later tax. Claim says aliens secretly control the government.,Fake
Born interview rate bar approach me direction peace church order. Related to health.,Real
However tonight skin kind quickly itself machine. Related to health.,Real
Grow north radio maintain kind. Related to environment.,Real
Get organization peace rock health. Claim says mobile towers spread deadly radiation instantly.,Fake
Argue ever anything speak concern. Claim says hidden cities discovered under the ocean.,Fake
Simply help southern during. Claim says drinking salt water cures all diseases.,Fake
Never alone defense vote point they color. Claim says hidden cities discovered under the ocean.,Fake
Me laugh however down single evening painting responsibility. Related to science.,Real
Event range learn girl personal. Claim says aliens secretly control the government.,Fake
Represent certainly small must benefit away during near car common. Related to economy.,Real
The finish during. Claim says aliens secretly control the government.,Fake
Heart beyond financial chance better. Claim says aliens secretly control the government.,Fake
Price college someone community side science rate baby sell hit. Related to education.,Real
Rich PM develop subject down north. Related to sports.,Real
Possible reduce wrong scene. Claim says drinking salt water cures all diseases.,Fake
Actually see or fill magazine lot animal age. Claim says time travelers spotted in public places.,Fake
Ball recognize between anyone listen across. Related to education.,Real
Its especially half some. Claim says drinking salt water cures all diseases.,Fake
Study fly Congress learn more ball body. Claim says hidden cities discovered under the ocean.,Fake
Send performance sometimes fight employee guy painting center. Claim says mobile towers spread deadly radiation instantly.,Fake
General hope boy control into back. Claim says time travelers spotted in public places.,Fake
Land range break sense may indeed center international once. Related to education.,Real
Blood score share high simply name. Claim says hidden cities discovered under the ocean.,Fake
Head manager learn. Claim says drinking salt water cures all diseases.,Fake
Name system local expert yeah. Claim says hidden cities discovered under the ocean.,Fake
Role design pretty response. Claim says hidden cities discovered under the ocean.,Fake
Project which few skin though compare interest. Related to science.,Real
A week book south indicate. Claim says mobile towers spread deadly radiation instantly.,Fake
Range company provide hear. Claim says time travelers spotted in public places.,Fake
Memory both however mother instead. Claim says drinking salt water cures all diseases.,Fake
Energy agree economic finish much north. Claim says drinking salt water cures all diseases.,Fake
Member low against help next which able everything detail raise. Related to education.,Real
Husband dinner successful she office. Claim says drinking salt water cures all diseases.,Fake
Section certain western write. Claim says aliens secretly control the government.,Fake
Box popular lot arm form development ask traditional anyone sea. Related to technology.,Real
Often bank later campaign. Claim says mobile towers spread deadly radiation instantly.,Fake
Exactly buy court beautiful box recent. Related to technology.,Real
Present summer lose quality moment rock student minute. Related to economy.,Real
Strategy local expect pass person. Claim says aliens secretly control the government.,Fake
Firm upon care make. Claim says drinking salt water cures all diseases.,Fake
Evidence table so write. Claim says mobile towers spread deadly radiation instantly.,Fake
Might believe people production yet through. Claim says aliens secretly control the government.,Fake
Item manage place. Claim says mobile towers spread deadly radiation instantly.,Fake
Image during year customer behind others wonder hand. Related to education.,Real
Large concern term increase industry figure. Claim says time travelers spotted in public places.,Fake
Design trial medical become stuff deep. Claim says aliens secretly control the government.,Fake
Possible thought apply most way recently box debate statement matter. Related to health.,Real
Yard girl somebody receive boy develop. Claim says drinking salt water cures all diseases.,Fake
Instead building study baby pass money. Related to science.,Real
Official senior animal ready strong. Claim says mobile towers spread deadly radiation instantly.,Fake
Live clear ground fast middle. Claim says aliens secretly control the government.,Fake
Me game inside whose test quite true nature. Related to environment.,Real
Check sure yourself design place certainly. Related to economy.,Real
Since throughout black speak attorney outside science follow. Related to health.,Real
Picture successful tough story. Claim says hidden cities discovered under the ocean.,Fake
Test today toward blood reflect consider could specific building. Related to health.,Real
House number end election station rich never five behind hope. Related to technology.,Real
Owner across sign. Claim says mobile towers spread deadly radiation instantly.,Fake
Our miss say simple perform practice investment. Claim says time travelers spotted in public places.,Fake
Gun small Mrs career everyone role none. Related to health.,Real
Painting compare blue low simply could practice set behavior hundred ask. Related to health.,Real
Democratic perform court investment agreement. Claim says hidden cities discovered under the ocean.,Fake
Building prevent religious window. Claim says time travelers spotted in public places.,Fake
Figure practice position same. Claim says aliens secretly control the government.,Fake
Behind pattern they style director speak in. Related to education.,Real
Continue doctor fine top behind name possible. Related to health.,Real
Face collection set need table choice world. Related to health.,Real
Church evidence speak senior account. Related to environment.,Real
Film in reduce visit brother save international assume. Claim says hidden cities discovered under the ocean.,Fake
Indicate ever partner office billion manager. Claim says hidden cities discovered under the ocean.,Fake
Per per assume court although. Claim says aliens secretly control the government.,Fake
Store care stuff wrong range perhaps meet. Related to science.,Real
History away top sister agree current. Related to science.,Real
Floor environment see order compare plant. Claim says hidden cities discovered under the ocean.,Fake
Drop him high on view interest. Related to science.,Real
Simple now do Mr behavior economic. Related to technology.,Real
Person my senior participant. Claim says mobile towers spread deadly radiation instantly.,Fake
Structure soldier situation. Claim says drinking salt water cures all diseases.,Fake
Camera president teach family her pull mention. Related to education.,Real
Establish course south purpose much. Claim says hidden cities discovered under the ocean.,Fake
Weight either line bill whatever. Claim says hidden cities discovered under the ocean.,Fake
High total effort also itself space speech. Claim says mobile towers spread deadly radiation instantly.,Fake
Expect road computer want. Claim says aliens secretly control the government.,Fake
Never gas last daughter start against. Related to sports.,Real
Clear service nice tough mission perform. Claim says mobile towers spread deadly radiation instantly.,Fake
Participant these TV such tend eat interview toward. Related to education.,Real
Exist decide over style like foreign. Claim says mobile towers spread deadly radiation instantly.,Fake
Leader sort mission above seven sometimes future. Related to health.,Real
Nearly wear defense ever. Claim says hidden cities discovered under the ocean.,Fake
Science particular I help while. Claim says mobile towers spread deadly radiation instantly.,Fake
Last much often lead impact blood. Claim says drinking salt water cures all diseases.,Fake
The term item anything. Related to technology.,Real
Perform traditional ball white Democrat. Claim says aliens secretly control the government.,Fake
End week respond war bill hot stop. Claim says mobile towers spread deadly radiation instantly.,Fake
It for present baby road institution after benefit man. Related to health.,Real
End thought raise daughter reason wide happy. Related to science.,Real
Offer foreign third yeah everything service. Claim says mobile towers spread deadly radiation instantly.,Fake
Population sit impact religious. Related to science.,Real
Machine financial career Republican top. Claim says mobile towers spread deadly radiation instantly.,Fake
Somebody itself likely reflect. Claim says time travelers spotted in public places.,Fake
Cold former knowledge feel almost candidate argue television teacher much. Related to sports.,Real
Into common heavy store method smile pick. Claim says aliens secretly control the government.,Fake
Military explain each security teacher test provide. Related to sports.,Real
Follow go affect style against bag. Related to environment.,Real
Keep official over base. Claim says time travelers spotted in public places.,Fake
Possible ability family turn teacher challenge than remain least model serve. Related to science.,Real
Through hold increase appear create. Related to sports.,Real
Democratic fight example pick election meet. Claim says aliens secretly control the government.,Fake
Help school each bit author white cultural he quickly become. Related to sports.,Real
Large detail buy. Claim says hidden cities discovered under the ocean.,Fake
Feeling term leave though community including career each hotel. Related to economy.,Real
Finish American pass travel trip painting sport. Claim says mobile towers spread deadly radiation instantly.,Fake
Situation whom teach party range practice wait. Related to education.,Real
Require catch government couple seek skin there. Claim says time travelers spotted in public places.,Fake
While six live letter newspaper. Related to health.,Real
Agent the against term instead. Claim says hidden cities discovered under the ocean.,Fake
Ball others go fear away senior. Claim says drinking salt water cures all diseases.,Fake
Prepare debate perform around allow response. Related to health.,Real
Surface school someone head ground media drug. Claim says mobile towers spread deadly radiation instantly.,Fake
Reveal gas moment when four. Claim says drinking salt water cures all diseases.,Fake
Half garden Congress customer quality walk involve all raise. Related to technology.,Real
Technology already letter talk. Related to environment.,Real
Say audience save spring once send gun instead bad ready. Related to technology.,Real
Maybe option human fire ball natural raise five. Claim says aliens secretly control the government.,Fake
See language upon I baby role. Related to technology.,Real
Large type member shake impact main a result run. Related to education.,Real
Hundred prepare site himself those remain. Claim says mobile towers spread deadly radiation instantly.,Fake
Science Republican hard gas. Related to education.,Real
Only admit politics attack responsibility reduce reality about Congress region. Related to science.,Real
Institution experience admit everything loss drop movement. Claim says drinking salt water cures all diseases.,Fake
Trip attack area attack then mother. Related to economy.,Real
Allow machine late during necessary study. Claim says mobile towers spread deadly radiation instantly.,Fake
Law scientist fund end federal. Claim says time travelers spotted in public places.,Fake
Still able force energy billion. Claim says aliens secretly control the government.,Fake
Trouble difficult mean population. Claim says time travelers spotted in public places.,Fake
Yeah Mr security record teacher including. Claim says drinking salt water cures all diseases.,Fake
Look believe bed data hand measure could center method. Related to health.,Real
Environment war industry five spring. Claim says hidden cities discovered under the ocean.,Fake
Decide perform money Mrs point really. Claim says time travelers spotted in public places.,Fake
Nearly foreign theory southern around officer field though soldier. Related to sports.,Real
True wife network heart. Claim says mobile towers spread deadly radiation instantly.,Fake
Space style win book leave serious concern Mrs. Related to education.,Real
Onto find several occur natural. Related to sports.,Real
Run yeah whether. Claim says time travelers spotted in public places.,Fake
Standard term country camera. Claim says aliens secretly control the government.,Fake
Word community trip bill part have leg subject. Claim says drinking salt water cures all diseases.,Fake
Subject save big as fire. Related to education.,Real
Toward far wrong fast husband cultural base third ground. Related to sports.,Real
Support weight fly although arrive film. Related to education.,Real
Last mouth public between. Related to education.,Real
Pattern thousand imagine pass field. Related to environment.,Real
Floor image style it see figure. Claim says time travelers spotted in public places.,Fake
Build next wind our better. Claim says time travelers spotted in public places.,Fake
Voice tax our game area fill. Claim says mobile towers spread deadly radiation instantly.,Fake
Various true sound age will. Related to technology.,Real
Word herself past admit time thousand. Claim says drinking salt water cures all diseases.,Fake
Player civil economic son but movie individual me call reach. Related to technology.,Real
Green point color site structure nothing high certainly more. Related to health.,Real
Even of usually beat about generation discover product. Claim says hidden cities discovered under the ocean.,Fake
Manage set necessary lay region citizen air whether. Related to health.,Real
Tree environment fund management can source news. Claim says drinking salt water cures all diseases.,Fake
Certain glass far control. Claim says drinking salt water cures all diseases.,Fake
Former yet this. Claim says aliens secretly control the government.,Fake
Religious challenge place might. Related to environment.,Real
South analysis need. Claim says mobile towers spread deadly radiation instantly.,Fake
Social story energy industry grow feel. Related to technology.,Real
Enjoy west human woman whom among often. Claim says drinking salt water cures all diseases.,Fake
That play will once form. Claim says time travelers spotted in public places.,Fake
White employee along too forget subject issue care. Related to health.,Real
Next most unit kind they girl recently treat party stop. Related to education.,Real
Deal probably appear positive. Claim says hidden cities discovered under the ocean.,Fake
Successful age because best risk cover. Related to economy.,Real
Across evidence store everyone send total. Claim says mobile towers spread deadly radiation instantly.,Fake
Send past Democrat admit forget. Related to science.,Real
Task minute something she role. Claim says mobile towers spread deadly radiation instantly.,Fake
Collection responsibility face available represent business least nor answer gun. Related to health.,Real
Key night open third whatever. Claim says hidden cities discovered under the ocean.,Fake
Listen policy star former determine price hour account. Related to sports.,Real
Eight member military spring more show strong forward read chance. Related to education.,Real
Happen professional production professional their city. Related to science.,Real
Response too set book. Claim says hidden cities discovered under the ocean.,Fake
Child health among together method interview. Related to technology.,Real
Race story machine important manager. Claim says mobile towers spread deadly radiation instantly.,Fake
Particularly human food. Claim says drinking salt water cures all diseases.,Fake
Despite wind safe off store little chair. Claim says time travelers spotted in public places.,Fake
Group customer visit follow general. Claim says mobile towers spread deadly radiation instantly.,Fake
Outside city me performance ever remain. Claim says mobile towers spread deadly radiation instantly.,Fake
Beautiful rate relationship fact money range work. Related to economy.,Real
Investment follow build security brother pay. Related to economy.,Real
Interesting free environmental image skin author group. Claim says hidden cities discovered under the ocean.,Fake
Financial born idea morning interview very. Claim says time travelers spotted in public places.,Fake
Trial anyone western. Claim says aliens secretly control the government.,Fake
Say stand article book six student. Claim says hidden cities discovered under the ocean.,Fake
Serve force little police common. Related to sports.,Real
Certain modern service social Democrat. Claim says hidden cities discovered under the ocean.,Fake
Cold high network nothing mind effect pressure any bar plant. Related to health.,Real
Wife ever soldier cultural feel above stuff four despite. Related to technology.,Real
Hear thing human would magazine. Claim says time travelers spotted in public places.,Fake
For evening thing generation one throughout American three. Related to health.,Real
Talk use station idea red many answer four deal. Related to technology.,Real
Perhaps as out check most word impact. Related to technology.,Real
Understand child may scene color beat thing group. Claim says time travelers spotted in public places.,Fake
Reveal sure power prevent news team purpose law. Related to technology.,Real
Near become city consumer employee wall he local. Related to education.,Real
Environment security able night since against lose. Claim says drinking salt water cures all diseases.,Fake
Bank sit none now beyond measure lay hear. Related to sports.,Real
Check quality everyone benefit fill. Related to science.,Real
Fund public investment every must mind. Related to technology.,Real
Military popular production live key. Claim says mobile towers spread deadly radiation instantly.,Fake
Go sister old already affect for rise enjoy soldier. Related to health.,Real
Police fill worker it likely. Claim says drinking salt water cures all diseases.,Fake
Big teacher song company cell able old. Claim says time travelers spotted in public places.,Fake
Teach approach if we drop tend generation growth less by anything. Related to science.,Real
Body wear poor left teach. Related to economy.,Real
Pass enjoy production stand process reason low. Related to economy.,Real
Good half while front. Claim says mobile towers spread deadly radiation instantly.,Fake
Billion garden possible rule maintain believe move. Related to education.,Real
Life people finish down certain happen. Claim says hidden cities discovered under the ocean.,Fake
Glass adult simple seek size student magazine our. Related to sports.,Real
Gun maybe president I choice today most. Claim says drinking salt water cures all diseases.,Fake
Physical brother cover cold degree. Claim says mobile towers spread deadly radiation instantly.,Fake
Know feel let edge southern young know. Related to environment.,Real
Effort without prove major speak. Related to economy.,Real
Wind buy glass floor future among require. Related to science.,Real
Voice health short also left course station beyond back. Related to education.,Real
Past all suffer serious just along himself of. Related to health.,Real
Off major it our want. Claim says aliens secretly control the government.,Fake
Finish better tough choose see half. Claim says time travelers spotted in public places.,Fake
Professor side type interest I economic your. Related to sports.,Real
Main drive these somebody reflect organization animal around campaign. Related to economy.,Real
Mrs establish be degree song star send partner avoid couple. Related to education.,Real
Life tax close play wish dinner if public. Claim says mobile towers spread deadly radiation instantly.,Fake
Finish Republican road increase shoulder. Claim says aliens secretly control the government.,Fake
Week environmental white cultural. Claim says time travelers spotted in public places.,Fake
Professional trial purpose direction. Related to economy.,Real
Similar join half sport hope agent company sure. Related to environment.,Real
We protect down role special watch. Related to environment.,Real
Center media shake hospital voice. Related to science.,Real
Because call campaign cultural sort. Related to sports.,Real
Enough price focus city help. Related to sports.,Real
One smile national south. Claim says time travelers spotted in public places.,Fake
Successful special tend hour. Claim says time travelers spotted in public places.,Fake
Later enough pick help head Democrat. Claim says hidden cities discovered under the ocean.,Fake
Rather first expert baby minute something. Claim says drinking salt water cures all diseases.,Fake
Program share recent be high late memory adult full around. Related to education.,Real
Stay poor beyond or know week investment. Claim says time travelers spotted in public places.,Fake
Sister Mr today technology voice. Claim says aliens secretly control the government.,Fake
High care agreement avoid product during drug. Related to technology.,Real
Window tonight born kitchen must treat activity. Related to sports.,Real
Meet there house fact. Related to economy.,Real
Animal of yard product low board myself simple help. Related to technology.,Real
Health low pressure ready assume indeed when material. Claim says hidden cities discovered under the ocean.,Fake
Example model might. Claim says drinking salt water cures all diseases.,Fake
Any feel may sport develop difficult still. Claim says hidden cities discovered under the ocean.,Fake
Hit father foreign hundred. Claim says hidden cities discovered under the ocean.,Fake
Investment fear open bar already responsibility range discuss race hit treatment. Related to science.,Real
Almost north report main administration fear from product boy which. Related to science.,Real
Radio but attorney tell next between however nation often. Related to technology.,Real
West left compare whether two attack eat top rock. Related to economy.,Real
Weight husband about company interest same series nearly. Related to science.,Real
Lay society method center successful owner current. Claim says aliens secretly control the government.,Fake
Nation series still court stuff police. Claim says hidden cities discovered under the ocean.,Fake
Impact large those for. Related to technology.,Real
Lose full effect off sign. Related to education.,Real
Business then same fight traditional share character myself. Related to health.,Real
Beautiful form message play religious. Claim says drinking salt water cures all diseases.,Fake
Official use fund serve owner beyond upon. Claim says hidden cities discovered under the ocean.,Fake
Tax recognize court generation. Claim says drinking salt water cures all diseases.,Fake
Later arm of available effect usually high. Claim says mobile towers spread deadly radiation instantly.,Fake
Behavior hot must discussion play new fly dream. Related to economy.,Real
Next boy newspaper shake identify let. Claim says drinking salt water cures all diseases.,Fake
Tax act evidence financial walk prevent. Claim says mobile towers spread deadly radiation instantly.,Fake
Sometimes lawyer play success successful police line door direction computer. Related to technology.,Real
Social security reveal later treatment worker to enough than break. Related to health.,Real
Few exactly mouth amount. Related to environment.,Real
Red work rise describe bring behavior general. Related to health.,Real
Task suddenly class anything. Related to economy.,Real
Single on vote stage responsibility federal local story. Claim says drinking salt water cures all diseases.,Fake
Blue machine year line. Claim says drinking salt water cures all diseases.,Fake
Thing gun purpose go game. Claim says time travelers spotted in public places.,Fake
Memory so charge hold. Claim says drinking salt water cures all diseases.,Fake
Decide medical environmental writer agent data action. Claim says aliens secretly control the government.,Fake
Election rate more give indicate successful her opportunity our. Related to sports.,Real
Attack mind use site live person. Claim says aliens secretly control the government.,Fake
Third three keep hear American pressure. Claim says mobile towers spread deadly radiation instantly.,Fake
North stay certain development life contain seat serve know prove. Related to economy.,Real
Area just draw group. Claim says aliens secretly control the government.,Fake
Network information cost society. Claim says hidden cities discovered under the ocean.,Fake
Much too trouble explain clearly cover. Claim says mobile towers spread deadly radiation instantly.,Fake
Appear central pattern upon edge. Claim says time travelers spotted in public places.,Fake
Against husband remain agree summer way. Claim says aliens secretly control the government.,Fake
World else difficult true human gas candidate game Mrs hot. Related to sports.,Real
Out bed media drug. Claim says aliens secretly control the government.,Fake
Almost him vote. Claim says hidden cities discovered under the ocean.,Fake
Most stock from mother sister. Claim says hidden cities discovered under the ocean.,Fake
Early bring official send son situation. Claim says drinking salt water cures all diseases.,Fake
Coach glass financial century soon food window. Related to economy.,Real
Set few car four ahead news. Claim says drinking salt water cures all diseases.,Fake
Nearly point land however quickly among reveal week collection. Related to environment.,Real
Thought true alone tonight perform response for. Related to technology.,Real
Who two week simply product music. Claim says hidden cities discovered under the ocean.,Fake
Not since city those market step record. Claim says hidden cities discovered under the ocean.,Fake
Soon south note something community. Claim says aliens secretly control the government.,Fake
Listen project hot feel. Claim says hidden cities discovered under the ocean.,Fake
Across crime consumer news according above. Claim says drinking salt water cures all diseases.,Fake
Bad among money fine range change again race. Related to health.,Real
Bank thought guess. Claim says aliens secretly control the government.,Fake
Water at every marriage case ten. Claim says hidden cities discovered under the ocean.,Fake
Area thousand image capital letter. Related to technology.,Real
Sister green if. Claim says mobile towers spread deadly radiation instantly.,Fake
Language every stay discover return area movement. Claim says drinking salt water cures all diseases.,Fake
Factor myself voice country add whose medical management. Related to education.,Real
Read democratic movement popular international somebody ten. Related to health.,Real
Knowledge organization director husband away score. Claim says mobile towers spread deadly radiation instantly.,Fake
Garden region per least believe and blood. Claim says time travelers spotted in public places.,Fake
Many wonder wish protect agree can. Claim says mobile towers spread deadly radiation instantly.,Fake
Number animal summer choice. Claim says hidden cities discovered under the ocean.,Fake
Call dinner change north success story. Claim says mobile towers spread deadly radiation instantly.,Fake
Positive culture live future claim travel gas who place head. Related to sports.,Real
Specific back success soon position bar own wind. Related to environment.,Real
Free view few teacher yet white trip. Claim says aliens secretly control the government.,Fake
No life draw include history generation bag. Related to education.,Real
Down audience feel offer with social like. Claim says mobile towers spread deadly radiation instantly.,Fake
Dog under its smile lose think election course figure. Related to education.,Real
Third teacher performance leg many page term gun book tough sell. Related to sports.,Real
Development million put amount church trouble another. Related to health.,Real
Establish move affect father fall ok industry. Related to technology.,Real
Phone return nothing act assume. Related to health.,Real
Lot long camera these if reason. Claim says mobile towers spread deadly radiation instantly.,Fake
Call energy child almost include outside. Related to health.,Real
Other be whatever. Claim says mobile towers spread deadly radiation instantly.,Fake
Window treatment quickly chance drop want box least. Claim says mobile towers spread deadly radiation instantly.,Fake
How treatment else whether foreign occur. Related to environment.,Real
These plant miss. Claim says aliens secretly control the government.,Fake
Truth something design form. Claim says mobile towers spread deadly radiation instantly.,Fake
World evening song clear offer PM street while positive follow. Related to sports.,Real
Range treatment loss live various work. Claim says drinking salt water cures all diseases.,Fake
Tell after collection issue tree. Claim says time travelers spotted in public places.,Fake
Let single idea action rest. Claim says time travelers spotted in public places.,Fake
Painting administration also will. Claim says hidden cities discovered under the ocean.,Fake
It success image ten population. Related to economy.,Real
Certainly me economic scene foot. Claim says mobile towers spread deadly radiation instantly.,Fake
Probably appear TV compare eat hundred manage. Related to technology.,Real
Right seek same kitchen hair tell. Related to science.,Real
Different cultural what range hundred affect floor deep sing operation. Related to technology.,Real
Social read company light really free. Related to sports.,Real
Easy something memory throughout east various. Related to education.,Real
Everyone eat together quickly anything worry institution. Related to health.,Real
Suddenly check serve value against. Related to economy.,Real
Much course standard church drop get food. Claim says time travelers spotted in public places.,Fake
Hundred by start force standard. Related to education.,Real
Remember hand ground move material sound what. Claim says drinking salt water cures all diseases.,Fake
Plant recognize event charge positive. Claim says aliens secretly control the government.,Fake
Watch hotel author order choose. Claim says aliens secretly control the government.,Fake
Task capital discussion song along main might only. Related to sports.,Real
State run though tough glass. Claim says drinking salt water cures all diseases.,Fake
Role financial which use wind pattern themselves. Related to environment.,Real
Four market series group we. Related to health.,Real
It discover when place capital everyone early style. Related to environment.,Real
Build improve suddenly avoid prove movie. Claim says aliens secretly control the government.,Fake
Through respond down capital them a job available. Related to science.,Real
Eye area parent process may. Related to health.,Real
Property information knowledge theory fill rate realize institution. Related to sports.,Real
Among she also analysis trouble she individual benefit anyone. Related to education.,Real
Outside magazine message may better order. Related to environment.,Real
Exactly wind hospital boy voice. Related to science.,Real
Mission imagine meet remain safe become stage. Claim says aliens secretly control the government.,Fake
Usually us animal go along option free hundred. Related to economy.,Real
Movie civil long model activity we research church ability point. Related to education.,Real
Both protect ten language place leader goal executive letter development. Related to science.,Real
Where develop shoulder page weight. Related to education.,Real
Set once write he political get exist nature in through. Related to economy.,Real
Hold enjoy along itself money. Claim says drinking salt water cures all diseases.,Fake
Last attention night several throw base fight issue go. Related to sports.,Real
Somebody start debate field unit become any personal. Claim says mobile towers spread deadly radiation instantly.,Fake
Decide use administration allow glass strong get former social. Related to health.,Real
Side region lot drop quality between manager. Related to sports.,Real
Loss option claim indeed he natural pull actually billion enjoy. Related to education.,Real
Catch heart stand front. Claim says hidden cities discovered under the ocean.,Fake
Probably you fast yeah medical. Related to sports.,Real
Program only nearly decade suggest. Related to education.,Real
Piece down member career help hot. Claim says hidden cities discovered under the ocean.,Fake
Dark soldier example. Claim says mobile towers spread deadly radiation instantly.,Fake
Detail provide agree oil fact fine past peace difficult adult. Related to education.,Real
Blood yard not popular finish even senior. Related to environment.,Real
Mention market crime between paper help. Related to science.,Real
Front laugh force identify above camera. Related to technology.,Real
Can to expert. Claim says aliens secretly control the government.,Fake
Him life table wish bill growth. Claim says drinking salt water cures all diseases.,Fake
Million say step bill might pick sign medical. Related to technology.,Real
Front include issue. Claim says time travelers spotted in public places.,Fake
Song sure design camera money family every play almost news. Related to economy.,Real
Indicate for list particularly stop special. Related to technology.,Real
Few choice certain son else new economy. Related to education.,Real
Student course audience than doctor baby happen difficult available structure. Related to economy.,Real
Tree all check quickly. Claim says drinking salt water cures all diseases.,Fake
Onto business enjoy building several prove impact himself. Claim says time travelers spotted in public places.,Fake
Enough us small. Claim says aliens secretly control the government.,Fake
Nothing season store sport sound past safe suggest her. Related to economy.,Real
Central field main nice protect deep as and energy exactly. Related to health.,Real
Sense middle book tax talk. Claim says hidden cities discovered under the ocean.,Fake
Fine we game beat region. Related to economy.,Real
Fire break them protect finally late. Related to sports.,Real
Guess ability seat society southern total law fast stage. Related to environment.,Real
Money attorney cup enjoy southern several hope fire by. Related to technology.,Real
Leader product line environmental. Claim says mobile towers spread deadly radiation instantly.,Fake
Lawyer environment development. Claim says time travelers spotted in public places.,Fake
Enter peace oil TV moment about wall east blood. Related to environment.,Real
Hotel wide past become staff identify feel. Related to technology.,Real
Street admit cold. Claim says mobile towers spread deadly radiation instantly.,Fake
Go wait reflect news girl understand however. Claim says drinking salt water cures all diseases.,Fake
Rate already ago move image. Related to education.,Real
Far skill close difficult also use again exactly. Related to health.,Real
Week hundred outside theory her player on. Related to technology.,Real
Opportunity meeting might level together east space agent approach throughout. Related to health.,Real
About author main what technology president finish traditional other. Related to sports.,Real
Staff various know billion use. Claim says hidden cities discovered under the ocean.,Fake
Kind off serve strategy. Claim says time travelers spotted in public places.,Fake
Everyone age two environmental family. Related to economy.,Real
Free option language dinner do product field north. Related to environment.,Real
World understand hear class nothing board simply ago. Related to science.,Real
Risk growth trade theory serious. Claim says hidden cities discovered under the ocean.,Fake
Pay someone on his identify. Claim says hidden cities discovered under the ocean.,Fake
Democrat history born science local story. Claim says hidden cities discovered under the ocean.,Fake
Billion lawyer which than shake reason choice. Related to technology.,Real
Manager reveal upon cultural second nice give. Claim says hidden cities discovered under the ocean.,Fake
Heavy form product structure check look speech network professional end. Related to education.,Real
Yard where event customer. Claim says time travelers spotted in public places.,Fake
Thus loss participant key. Claim says time travelers spotted in public places.,Fake
Involve half next big their. Related to education.,Real
Leg by thing building carry agency recently onto. Related to health.,Real
Could theory seek hotel husband standard movement other administration voice production. Related to education.,Real
Position guess above them out down product little style between must. Related to environment.,Real
Huge section who gun call street possible forget. Related to sports.,Real
Under hope approach answer bag when standard project. Claim says aliens secretly control the government.,Fake
Bar force available audience. Claim says hidden cities discovered under the ocean.,Fake
Least no skin whose section phone bank way talk ability. Related to health.,Real
Mention pretty cover table program heart of anything quite wear. Related to technology.,Real
System long cultural usually available enough energy by put want. Related to environment.,Real
We each yeah task voice wide right. Claim says hidden cities discovered under the ocean.,Fake
Paper call author yard. Claim says time travelers spotted in public places.,Fake
Carry cause improve seek money worker state business his point. Related to health.,Real
Window development ahead couple energy break physical parent. Claim says drinking salt water cures all diseases.,Fake
Medical first personal opportunity including leg event student challenge. Related to science.,Real
Project require safe probably within cause tonight chance thought source. Related to education.,Real
Treatment company thousand drive on painting person fly team. Related to science.,Real
Fine trade increase either. Claim says drinking salt water cures all diseases.,Fake
Raise everything which soon section investment region. Related to technology.,Real
Itself both will break finally wife determine international agency remain. Related to sports.,Real
Fly matter be. Claim says time travelers spotted in public places.,Fake
Fish girl push site argue policy. Claim says mobile towers spread deadly radiation instantly.,Fake
Recognize cold loss look particular commercial. Claim says aliens secretly control the government.,Fake
Officer read administration role west west. Claim says drinking salt water cures all diseases.,Fake
Collection include though whom house against certainly. Claim says drinking salt water cures all diseases.,Fake
Meet authority someone compare floor price operation week. Related to education.,Real
Show return wife someone crime store with system firm. Related to environment.,Real
Attack which staff effort later radio available look. Related to education.,Real
Would white lay despite month. Claim says drinking salt water cures all diseases.,Fake
Which hotel president television. Claim says time travelers spotted in public places.,Fake
Billion half new room. Claim says aliens secretly control the government.,Fake
Day air add amount huge economic. Related to science.,Real
Record official coach education point cause letter which stuff commercial. Related to sports.,Real
Always line respond modern. Claim says aliens secretly control the government.,Fake
Commercial kid respond word several. Related to science.,Real
Name change able card ask. Claim says aliens secretly control the government.,Fake
Suddenly nearly case like stop attorney radio. Claim says time travelers spotted in public places.,Fake
Majority recently seven decide how at. Related to science.,Real
Rule force forward range affect whatever those allow. Claim says mobile towers spread deadly radiation instantly.,Fake
Peace read shoulder report can. Related to sports.,Real
Debate answer decide action. Claim says mobile towers spread deadly radiation instantly.,Fake
Care drive although second more able toward. Claim says drinking salt water cures all diseases.,Fake
Raise theory policy culture lead. Claim says hidden cities discovered under the ocean.,Fake
Off wonder should center what. Claim says hidden cities discovered under the ocean.,Fake
Ten born indeed how buy. Related to education.,Real
Partner structure likely put across deal. Claim says drinking salt water cures all diseases.,Fake
Effect everything education. Claim says time travelers spotted in public places.,Fake
Hope job enough less. Related to science.,Real
Rate explain small former agree. Related to science.,Real
Rock believe imagine central war store. Claim says mobile towers spread deadly radiation instantly.,Fake
Middle only fast budget. Claim says drinking salt water cures all diseases.,Fake
Fish adult particular. Claim says drinking salt water cures all diseases.,Fake
Past within indeed room significant business. Claim says time travelers spotted in public places.,Fake
Remain head recently recent card soldier. Related to education.,Real
Very food study cover lay knowledge fight glass even arm. Related to science.,Real
Market identify voice second put. Claim says mobile towers spread deadly radiation instantly.,Fake
Hair sign beautiful trip simply stage floor rate strong leg. Related to sports.,Real
Need concern American bar knowledge mother affect. Claim says time travelers spotted in public places.,Fake
After training grow total through medical religious. Related to education.,Real
Likely student it son support finally too concern. Claim says time travelers spotted in public places.,Fake
Happy reflect where should produce. Claim says time travelers spotted in public places.,Fake
Other Congress for soldier nor kitchen knowledge outside. Related to sports.,Real
Blood could last or nature. Related to science.,Real
Remember serve life will. Related to economy.,Real
Them foot test bit young a. Claim says aliens secretly control the government.,Fake
Without support whose now treatment although series. Claim says time travelers spotted in public places.,Fake
Process who consider since cut remember organization heavy. Related to technology.,Real
Trip cultural learn race. Related to science.,Real
Candidate medical official might. Claim says hidden cities discovered under the ocean.,Fake
Return according write many hospital black bring east. Claim says mobile towers spread deadly radiation instantly.,Fake
Page police officer team organization level plant upon receive various. Related to economy.,Real
Deep quality security think quality think certainly. Related to technology.,Real
Safe white night pass however present national short. Related to economy.,Real
Wide level recent anything training. Claim says time travelers spotted in public places.,Fake
Across about down onto past woman sure. Claim says drinking salt water cures all diseases.,Fake
Site fine range politics education son everyone. Related to sports.,Real
Later ok stock season career. Related to science.,Real
Expect discussion shoulder store year board hospital view. Related to science.,Real
Economic often try decide particularly. Claim says time travelers spotted in public places.,Fake
Western PM television scientist left paper. Claim says mobile towers spread deadly radiation instantly.,Fake
Whom hair talk late series two market indicate worry need. Related to sports.,Real
Local finally statement yard quality major western decision. Related to science.,Real
Present better rather letter whatever behind TV PM cover. Related to sports.,Real
Politics able meet design on. Related to science.,Real
Course resource may executive. Claim says drinking salt water cures all diseases.,Fake
Tough impact onto future west four she. Related to environment.,Real
Difference share while upon. Claim says time travelers spotted in public places.,Fake
Fire city down reason represent speak expect late. Related to environment.,Real
Organization approach cause campaign environmental maintain factor. Related to education.,Real
Form almost drug ground happy reason would among. Claim says aliens secretly control the government.,Fake
Already in like available. Claim says mobile towers spread deadly radiation instantly.,Fake
Window enter value growth ever like. Claim says aliens secretly control the government.,Fake
Book civil necessary economic production behavior play local. Related to health.,Real
Successful foot join if. Related to technology.,Real
Collection change without power. Claim says aliens secretly control the government.,Fake
Ago hit exist newspaper good provide view he. Claim says drinking salt water cures all diseases.,Fake
Specific future four call impact relationship. Claim says hidden cities discovered under the ocean.,Fake
According marriage should paper public type describe position major. Related to science.,Real
Office over enjoy statement along mind. Related to education.,Real
Hundred help produce standard center whether threat. Related to science.,Real
Admit water contain artist know we put. Claim says time travelers spotted in public places.,Fake
Bit significant also poor trouble agency. Claim says hidden cities discovered under the ocean.,Fake
What question common argue once. Related to science.,Real
Education particularly lead out thus treatment. Related to health.,Real
Consumer available power rate sense stand. Claim says mobile towers spread deadly radiation instantly.,Fake
Same talk authority other official help possible chair able front. Related to health.,Real
Lose city try among argue. Related to education.,Real
Call certainly do leg security consider single. Claim says aliens secretly control the government.,Fake
Experience nice make must threat smile. Claim says hidden cities discovered under the ocean.,Fake
Value artist cover city produce store section. Claim says aliens secretly control the government.,Fake
Whether wonder cold wish network. Related to health.,Real
Else region hand often case thing make. Related to sports.,Real
Suddenly indicate realize. Claim says aliens secretly control the government.,Fake
Position though week key. Related to environment.,Real
Either staff garden gun design nearly reason light natural movie add. Related to environment.,Real
Special recognize evening fish. Related to health.,Real
Leader test yes beat toward method parent. Claim says time travelers spotted in public places.,Fake
Nation choice mission somebody. Claim says hidden cities discovered under the ocean.,Fake
Mention writer throw reach. Claim says aliens secretly control the government.,Fake
Religious sense either join ability. Related to science.,Real
Tend avoid middle interest free rock. Related to science.,Real
Myself action cut ready white husband figure line. Related to economy.,Real
Study player certain old course but company. Claim says drinking salt water cures all diseases.,Fake
Card range draw health rate. Claim says time travelers spotted in public places.,Fake
Stuff social be page with. Related to sports.,Real
Race news mission able reflect likely realize single rate magazine. Related to education.,Real
Happen always level billion. Claim says mobile towers spread deadly radiation instantly.,Fake
Likely expect expect different. Claim says hidden cities discovered under the ocean.,Fake
Often rule others laugh charge treatment include. Claim says time travelers spotted in public places.,Fake
Foreign attack alone. Claim says mobile towers spread deadly radiation instantly.,Fake
Understand anything light spring many say agreement. Claim says mobile towers spread deadly radiation instantly.,Fake
Activity answer girl eye. Claim says aliens secretly control the government.,Fake
Clear several phone reflect pay allow activity push per. Related to technology.,Real
Hair person owner especially leave realize professional. Claim says hidden cities discovered under the ocean.,Fake
Policy test institution organization security later finally story. Related to health.,Real
Get himself question past score protect. Related to environment.,Real
Argue bar exist glass responsibility kid. Related to economy.,Real
Wait skin surface. Claim says mobile towers spread deadly radiation instantly.,Fake
Too yet draw visit. Claim says time travelers spotted in public places.,Fake
Should than smile someone how of situation part here boy put. Related to sports.,Real
Short above morning gas short space. Claim says mobile towers spread deadly radiation instantly.,Fake
Feeling price son minute past hospital meeting every open. Related to sports.,Real
Middle deep standard front husband. Related to economy.,Real
Same purpose know enter agree. Claim says hidden cities discovered under the ocean.,Fake
Officer join consumer hear during certainly kid option. Claim says aliens secretly control the government.,Fake
Top bed while treat million. Related to health.,Real
While economy quality today particular. Related to technology.,Real
Others stand baby ground officer brother. Claim says aliens secretly control the government.,Fake
Appear probably rich cup every view. Related to environment.,Real
Across service those challenge teach enter get whose manager usually. Related to technology.,Real
Friend forward national clearly. Related to sports.,Real
Military this machine social ten responsibility cell ask serve example. Related to health.,Real
Participant music land hit far. Claim says hidden cities discovered under the ocean.,Fake
Easy lay billion return try radio would they. Claim says time travelers spotted in public places.,Fake
Energy bad consumer from. Claim says hidden cities discovered under the ocean.,Fake
Speak general century strategy Congress. Related to technology.,Real
Ten stuff people me power lawyer year modern wait. Related to health.,Real
Fall forget election later far attorney. Claim says time travelers spotted in public places.,Fake
Above truth unit carry very yard worker. Related to health.,Real
Yes true reality while itself receive four yard write. Related to economy.,Real
Decade heavy eat owner book style success month skin long. Related to economy.,Real
Instead small glass budget thought. Claim says mobile towers spread deadly radiation instantly.,Fake
Important sound carry car TV test artist walk. Related to sports.,Real
Agreement industry party million term whose bill along religious. Related to education.,Real
Player federal easy defense key push space trial resource. Related to technology.,Real
Attack including possible expect lead them industry technology son. Related to environment.,Real
Candidate baby myself add name. Related to education.,Real
Newspaper major serve answer. Claim says time travelers spotted in public places.,Fake
Indicate five think get technology former husband discuss. Related to science.,Real
For street bag us close take. Claim says hidden cities discovered under the ocean.,Fake
Compare cause visit trip model music item among understand street. Related to economy.,Real
Evening operation resource moment financial Mr three year. Claim says drinking salt water cures all diseases.,Fake
Wrong large along child drug prove style. Claim says drinking salt water cures all diseases.,Fake
Sport music term least. Claim says aliens secretly control the government.,Fake
Decide city admit test war mission. Related to technology.,Real
Camera kind their lose home. Claim says mobile towers spread deadly radiation instantly.,Fake
War reflect sing control century leg her ahead during. Related to economy.,Real
Media tree large difficult. Related to economy.,Real
Join bag sea image program dinner develop. Related to technology.,Real
Spend senior without PM happy drug three community. Related to education.,Real
Teach surface laugh popular short argue. Related to economy.,Real
Defense most relationship like article call. Claim says aliens secretly control the government.,Fake
Determine player station color general under large treatment fine. Related to economy.,Real
Small among risk charge. Claim says time travelers spotted in public places.,Fake
Front traditional miss risk red development. Claim says drinking salt water cures all diseases.,Fake
Somebody throughout work power fall billion live newspaper take attorney. Related to environment.,Real
Instead six experience thank least month success worry. Claim says hidden cities discovered under the ocean.,Fake
Herself act white everything provide today. Claim says hidden cities discovered under the ocean.,Fake
Material direction cost condition summer who. Claim says mobile towers spread deadly radiation instantly.,Fake
Exist own good let. Claim says drinking salt water cures all diseases.,Fake
Ahead process institution claim quality energy fine style quality. Related to sports.,Real
Where instead all include player. Claim says time travelers spotted in public places.,Fake
Follow arrive can responsibility different western office ahead. Claim says time travelers spotted in public places.,Fake
Drop war material term. Claim says mobile towers spread deadly radiation instantly.,Fake
Century difference green near apply through nature your. Related to environment.,Real
Must admit bring. Claim says time travelers spotted in public places.,Fake
Deal exactly space for learn. Claim says aliens secretly control the government.,Fake
Player last close short. Claim says mobile towers spread deadly radiation instantly.,Fake
Your unit hand issue per. Related to education.,Real
Recent ok today government manager nothing particularly he happy. Related to environment.,Real
Food possible read hit none place. Claim says time travelers spotted in public places.,Fake
Boy method themselves whatever experience avoid. Claim says hidden cities discovered under the ocean.,Fake
Person walk ready capital table to century. Related to technology.,Real
Wall thus similar population. Claim says drinking salt water cures all diseases.,Fake
Clearly service hour finish them particular report. Claim says time travelers spotted in public places.,Fake
Federal traditional man report floor. Related to science.,Real
Sound American southern career. Claim says aliens secretly control the government.,Fake
History performance energy dark message simple center week country rock raise. Related to economy.,Real
Common visit size scene expect yard act. Related to technology.,Real
Old your job face. Claim says drinking salt water cures all diseases.,Fake
Office bed something because. Related to economy.,Real
Top gun store clearly long first nothing. Claim says drinking salt water cures all diseases.,Fake
Executive stage part. Claim says mobile towers spread deadly radiation instantly.,Fake
Because song pretty toward foot image beat. Related to technology.,Real
Beautiful whom box son scientist role do song. Claim says aliens secretly control the government.,Fake
List dark over rate it compare left natural. Related to education.,Real
Control dream standard break bring. Related to sports.,Real
Significant people third remain maybe. Related to sports.,Real
Always face teacher night clear. Claim says time travelers spotted in public places.,Fake
Week anything nation month audience here include. Claim says time travelers spotted in public places.,Fake
Citizen bring occur put than already. Claim says mobile towers spread deadly radiation instantly.,Fake
Audience describe fly who risk recent. Related to education.,Real
Kind charge set thing personal. Related to technology.,Real
Approach feel understand they wrong treat be teach design. Related to economy.,Real
Top begin boy media several fact fly term born reveal. Related to science.,Real
Age thought eat well enjoy happy. Related to environment.,Real
When baby thus. Claim says mobile towers spread deadly radiation instantly.,Fake
Show general step many get reflect group teacher learn. Related to economy.,Real
Away help second brother ago. Claim says hidden cities discovered under the ocean.,Fake
Product where mean baby present table. Related to education.,Real
Firm threat sense with. Claim says drinking salt water cures all diseases.,Fake
West service of here sign. Related to environment.,Real
Interesting thank age generation. Claim says time travelers spotted in public places.,Fake
Exactly trial television whose however painting technology carry she design. Related to education.,Real
Arrive manage score five standard sit oil. Claim says mobile towers spread deadly radiation instantly.,Fake
Ever any inside economic democratic. Related to health.,Real
Such sometimes image threat sing. Claim says time travelers spotted in public places.,Fake
Experience receive really need performance. Claim says hidden cities discovered under the ocean.,Fake
During friend rule subject manage central. Related to technology.,Real
Tree stuff center health watch sea. Claim says hidden cities discovered under the ocean.,Fake
First that deep shoulder thus western. Claim says aliens secretly control the government.,Fake
White try mind. Claim says hidden cities discovered under the ocean.,Fake
Sing dog many night deal report. Related to education.,Real
How none play certainly drive. Claim says mobile towers spread deadly radiation instantly.,Fake
Allow reason in keep. Related to technology.,Real
Find inside son military scene want entire hotel make because. Related to environment.,Real
Hundred black four. Claim says hidden cities discovered under the ocean.,Fake
Offer lose also employee. Claim says aliens secretly control the government.,Fake
Few mention book simply education bag keep name religious represent. Related to health.,Real
Through authority much brother film true. Claim says mobile towers spread deadly radiation instantly.,Fake
There away might coach security. Claim says aliens secretly control the government.,Fake
Site game remember especially. Related to sports.,Real
Travel compare huge wide here send understand wall. Related to technology.,Real
Matter become environment agree face son evening. Related to science.,Real
Exactly full note push small agreement discuss according. Related to environment.,Real
Behavior western poor case market. Related to technology.,Real
What why heavy onto. Claim says drinking salt water cures all diseases.,Fake
Reach real prepare risk she. Claim says aliens secretly control the government.,Fake
Hospital morning movement probably themselves walk. Related to science.,Real
Study piece again so create ahead. Claim says mobile towers spread deadly radiation instantly.,Fake
Of image try guess myself attorney in really. Claim says aliens secretly control the government.,Fake
Task send water drive staff pick no. Related to economy.,Real
The which spend almost real. Claim says drinking salt water cures all diseases.,Fake
Special up former produce friend report. Related to education.,Real
Specific order green expect see into forget. Related to science.,Real
Structure wonder seem live receive wide. Related to technology.,Real
Candidate garden matter whose born whom score you us. Related to sports.,Real
Possible land even leave production. Related to science.,Real
Recent five contain fine brother important defense. Related to economy.,Real
Statement institution travel method main. Claim says drinking salt water cures all diseases.,Fake
Rather raise animal bed. Claim says drinking salt water cures all diseases.,Fake
Let whole billion. Claim says aliens secretly control the government.,Fake
Exist prevent large weight scene dream task them. Claim says aliens secretly control the government.,Fake
Feeling example recognize table community relationship PM. Claim says mobile towers spread deadly radiation instantly.,Fake
Finish go change you spend. Claim says drinking salt water cures all diseases.,Fake
Dark degree college movement line grow if man year by. Related to science.,Real
Answer catch those her PM. Claim says aliens secretly control the government.,Fake
Benefit bar military candidate rock world structure tend whether. Related to science.,Real
Push miss organization authority return. Related to health.,Real
Maintain officer break indicate. Related to education.,Real
Feel husband effort Republican. Claim says aliens secretly control the government.,Fake
Whose yourself task drop. Claim says drinking salt water cures all diseases.,Fake
Leader song common should their majority where spend provide true. Related to education.,Real
Wide continue market return lot factor push will. Related to economy.,Real
Learn argue night thought plan future common use church. Related to environment.,Real
Stock nearly clear coach low will art. Claim says drinking salt water cures all diseases.,Fake
Program in affect must guess rest data yeah. Related to environment.,Real
Position guess as film serious protect card board response stop. Related to economy.,Real
Raise seat act serious order worker. Related to economy.,Real
Another early minute article place sell indicate. Claim says mobile towers spread deadly radiation instantly.,Fake
Seem voice different already song some relationship number threat. Related to science.,Real
Doctor mean order public reality man fight key important range. Related to sports.,Real
Important arrive little expert tell speech house kid interview house quality. Related to economy.,Real
Significant member maybe land one. Related to education.,Real
Live glass teacher southern create free car chance control. Related to environment.,Real
However yard difficult describe suddenly home. Related to health.,Real
Generation well he kitchen drop. Claim says hidden cities discovered under the ocean.,Fake
Treat serve yourself left simple election set run. Claim says mobile towers spread deadly radiation instantly.,Fake
Friend item garden positive even hundred long. Related to environment.,Real
By remain customer set. Claim says time travelers spotted in public places.,Fake
Order agent result group study decide rich short over decade. Related to education.,Real
Manage discover year can. Claim says mobile towers spread deadly radiation instantly.,Fake
Want recent city water mind let time strategy sport market. Related to education.,Real
Control seem debate along special response. Related to economy.,Real
According realize fine. Claim says time travelers spotted in public places.,Fake
Economy to daughter knowledge environment. Claim says mobile towers spread deadly radiation instantly.,Fake
Do seven radio place Mr specific. Related to education.,Real
Mouth happen play why campaign. Claim says hidden cities discovered under the ocean.,Fake
Through personal actually let key or song. Claim says hidden cities discovered under the ocean.,Fake
He very quality local inside probably music throw present history hard. Related to environment.,Real
Film road reality benefit majority recent social less. Related to health.,Real
Itself air deal certainly station cup. Related to sports.,Real
Investment more pattern enjoy which moment new player occur determine. Related to education.,Real
Party parent trial quality military design deep really age. Related to science.,Real
Behind member serious station inside generation. Related to science.,Real
Single race road campaign activity job. Claim says hidden cities discovered under the ocean.,Fake
If provide already position development fear individual. Claim says time travelers spotted in public places.,Fake
That stock officer mother. Claim says mobile towers spread deadly radiation instantly.,Fake
Central on right become room. Claim says drinking salt water cures all diseases.,Fake
Month continue chair like collection. Claim says drinking salt water cures all diseases.,Fake
Foot not hundred traditional kid. Related to economy.,Real
Of worry direction page past true. Related to education.,Real
Account news girl small experience gun single. Related to health.,Real
Cup like message describe approach scene. Claim says hidden cities discovered under the ocean.,Fake
Administration chair southern life. Claim says aliens secretly control the government.,Fake
Herself heavy raise win go hospital. Related to technology.,Real
Daughter relate control water daughter truth later nor out. Related to sports.,Real
International hot someone oil. Claim says drinking salt water cures all diseases.,Fake
Owner few mind. Claim says aliens secretly control the government.,Fake
Result road security debate teach child finally under. Related to education.,Real
Similar newspaper number real professor method pass. Claim says hidden cities discovered under the ocean.,Fake
Vote before yard some skin pattern age cup. Claim says aliens secretly control the government.,Fake
Truth fall visit religious. Claim says mobile towers spread deadly radiation instantly.,Fake
Point nice address glass make east evening itself. Related to technology.,Real
Structure effort management degree whether doctor key near arm side. Related to science.,Real
Candidate want air forward join truth. Claim says hidden cities discovered under the ocean.,Fake
Network kind sometimes field last. Related to health.,Real
Order two music door. Claim says aliens secretly control the government.,Fake
Event spring great paper idea five Democrat American citizen. Related to science.,Real
Around dream memory number option pull exactly soon. Related to science.,Real
Enter develop simple discussion. Claim says aliens secretly control the government.,Fake
More organization computer born star. Claim says hidden cities discovered under the ocean.,Fake
Home state mean as miss and. Claim says hidden cities discovered under the ocean.,Fake
Test information fact interview toward onto. Claim says drinking salt water cures all diseases.,Fake
Deep I kid least. Claim says drinking salt water cures all diseases.,Fake
Business score bank ball concern speech analysis senior risk staff. Related to health.,Real
Recognize without necessary impact me unit audience none. Related to sports.,Real
Amount stock but miss develop. Related to science.,Real
Head suddenly indeed resource husband beyond. Related to sports.,Real
Middle firm a television cold. Claim says drinking salt water cures all diseases.,Fake
Size loss smile activity yard this attention talk. Related to technology.,Real
Task behind my treat next his. Claim says aliens secretly control the government.,Fake
Our parent side break. Claim says mobile towers spread deadly radiation instantly.,Fake
Personal right already green building believe spend specific. Related to science.,Real
Street office mother bank item. Claim says drinking salt water cures all diseases.,Fake
Baby account activity find way our daughter clear structure. Related to technology.,Real
Trade west suggest writer admit truth reduce outside base while. Related to environment.,Real
Debate cell several evidence good. Claim says aliens secretly control the government.,Fake
Among the teacher space among appear. Related to technology.,Real
Long put very likely guy new. Related to technology.,Real
Choice large must home blood real. Claim says drinking salt water cures all diseases.,Fake
Toward smile scientist result power true. Related to science.,Real
Option store wall investment make behavior. Claim says drinking salt water cures all diseases.,Fake
Brother it story as bank. Related to education.,Real
Project capital property population discover quickly. Related to education.,Real
Unit crime consider ground themselves meet manager result career investment. Related to economy.,Real
Determine so staff future involve probably. Related to health.,Real
Red you spring suffer thing region plan. Claim says hidden cities discovered under the ocean.,Fake
Several team answer explain air clear assume. Claim says aliens secretly control the government.,Fake
Successful society accept business skill. Related to technology.,Real
Walk three shoulder education section. Related to science.,Real
Style theory reduce reality matter bill. Claim says mobile towers spread deadly radiation instantly.,Fake
Source necessary door. Claim says mobile towers spread deadly radiation instantly.,Fake
Nor enjoy not good star activity. Claim says drinking salt water cures all diseases.,Fake
Stock treatment alone still realize lead. Claim says hidden cities discovered under the ocean.,Fake
Huge order determine peace national strategy number American. Related to education.,Real
Center work back central peace administration per. Related to sports.,Real
Upon you kitchen issue first course seven move law. Related to sports.,Real
Painting there southern crime believe visit whose many. Related to technology.,Real
Woman husband light fall Republican three floor. Claim says time travelers spotted in public places.,Fake
Care site rather. Claim says mobile towers spread deadly radiation instantly.,Fake
Participant land hold building hope case. Related to sports.,Real
Human account couple others camera space hundred. Claim says hidden cities discovered under the ocean.,Fake
Organization place skill including practice by hard church marriage make. Related to sports.,Real
And as hair various weight deal response. Related to science.,Real
Focus event which future game sea. Related to science.,Real
A fly student. Claim says time travelers spotted in public places.,Fake
Final hospital artist conference gun support fund change. Claim says aliens secretly control the government.,Fake
Growth rule direction current because rest middle he including forget whether. Related to education.,Real
Discover professional drug camera responsibility but painting third. Claim says hidden cities discovered under the ocean.,Fake
Even election season rise society everyone recognize sometimes exactly all. Related to health.,Real
Unit magazine develop reason song culture successful. Claim says hidden cities discovered under the ocean.,Fake
Then loss seven character them and chance up interview. Related to environment.,Real
Challenge behavior man wait tend top military maybe president whether. Related to science.,Real
Him technology class impact year mind pattern. Claim says aliens secretly control the government.,Fake
Specific quickly gun list win simply. Claim says hidden cities discovered under the ocean.,Fake
Term indicate short feel mission mouth crime serious. Related to health.,Real
Station chance financial security campaign focus force attack letter. Related to sports.,Real
Quickly serious network former world edge half network money member. Related to environment.,Real
City would kid list here her analysis. Claim says aliens secretly control the government.,Fake
Music wide federal religious still land. Related to technology.,Real
Argue line debate range start respond. Related to economy.,Real
New page bill since remember how. Claim says aliens secretly control the government.,Fake
Prevent alone subject Republican wait. Related to technology.,Real
So enjoy about standard address. Claim says mobile towers spread deadly radiation instantly.,Fake
Bank two green opportunity test high fill remain. Related to health.,Real
Even daughter attorney somebody sure. Claim says time travelers spotted in public places.,Fake
Specific raise gun dinner drug. Related to technology.,Real
Size usually clearly it past. Claim says mobile towers spread deadly radiation instantly.,Fake
Begin seek second. Claim says aliens secretly control the government.,Fake
Difficult feeling outside hair represent red sport. Related to environment.,Real
Phone safe model begin usually memory. Claim says time travelers spotted in public places.,Fake
Way you speak capital hand. Related to economy.,Real
Check parent design join truth middle make eye. Claim says mobile towers spread deadly radiation instantly.,Fake
Weight decision brother cold director. Related to economy.,Real
Focus news upon keep face deal brother fine. Claim says aliens secretly control the government.,Fake
Despite how leg least rich many according adult idea in. Related to health.,Real
I about whom help response class yeah system. Related to health.,Real
Tend Congress reach much building stock. Related to economy.,Real
Teach me tend Mr lose so. Related to sports.,Real
Card end so out culture action federal single popular. Related to environment.,Real
Now production already I process however thought myself write. Related to science.,Real
Consider education trial day future. Related to environment.,Real
Official yourself before whom price wonder sometimes. Related to sports.,Real
Better whom consider ahead home dog newspaper because. Related to education.,Real
Film report visit smile. Related to sports.,Real
Personal more bar improve full glass guess. Related to science.,Real
Southern report of election available east off. Claim says drinking salt water cures all diseases.,Fake
Tv decade table cover ready. Claim says mobile towers spread deadly radiation instantly.,Fake
Office concern hundred into manage maintain nothing guess. Related to health.,Real
Interesting decade simply become either other once. Claim says drinking salt water cures all diseases.,Fake
Similar yet age natural name fear it. Related to education.,Real
Talk court part actually specific support boy. Claim says drinking salt water cures all diseases.,Fake
Almost avoid difference blood final. Related to economy.,Real
Film contain current will. Related to economy.,Real
Peace serve end one actually able risk. Claim says time travelers spotted in public places.,Fake
Best value since traditional economic least paper find. Related to economy.,Real
Wonder probably number become wonder loss morning two. Claim says aliens secretly control the government.,Fake
Lawyer voice herself program hit consider already push. Related to technology.,Real
And Congress create Congress figure push. Related to technology.,Real
Hair sometimes nothing keep citizen. Related to education.,Real
Treat per light professor send. Claim says drinking salt water cures all diseases.,Fake
Gun radio peace church theory level. Claim says hidden cities discovered under the ocean.,Fake
Break friend question benefit whole put. Related to economy.,Real
Personal consumer student including stage only. Related to technology.,Real
Future meet reach test rather information as. Claim says drinking salt water cures all diseases.,Fake
Gas painting customer get her why technology stand store fall. Related to economy.,Real
We trouble year improve even. Claim says hidden cities discovered under the ocean.,Fake
Anything him character how manage interest soon themselves organization. Related to economy.,Real
Save million pretty hold people. Claim says mobile towers spread deadly radiation instantly.,Fake
Plan win season give success speak draw table trade tell. Related to environment.,Real
Response can age hair kind. Related to environment.,Real
Over accept right quickly security particularly. Related to technology.,Real
These politics else there down source glass network. Related to education.,Real
Significant lot account. Claim says drinking salt water cures all diseases.,Fake
Mother cup move understand oil cost parent. Related to science.,Real
Imagine here wish modern recent everybody sit. Related to sports.,Real
Determine decade whose then beautiful ability they despite specific. Related to health.,Real
Stuff fire animal scene center guess discover. Related to economy.,Real
Later ok deal through under level positive entire work small. Related to education.,Real
Tell seat easy surface weight tough. Claim says mobile towers spread deadly radiation instantly.,Fake
State now listen born organization site. Related to environment.,Real
Exist staff apply become condition majority and. Claim says mobile towers spread deadly radiation instantly.,Fake
Body them foreign hot with energy thing little plant dark. Related to sports.,Real
Yet tell against beautiful edge. Claim says drinking salt water cures all diseases.,Fake
Language pretty especially water month decision. Claim says hidden cities discovered under the ocean.,Fake
Age speak gas serious political contain all set. Related to environment.,Real
Risk team like. Claim says hidden cities discovered under the ocean.,Fake
Series art be suffer record quite. Claim says drinking salt water cures all diseases.,Fake
Walk outside dream responsibility. Claim says hidden cities discovered under the ocean.,Fake
Television now camera man. Claim says mobile towers spread deadly radiation instantly.,Fake
Hair popular minute father public. Claim says aliens secretly control the government.,Fake
Training eat in may across. Claim says aliens secretly control the government.,Fake
Sing activity official serve physical send suddenly guy though. Related to science.,Real
Environment many whole month seven quite. Claim says drinking salt water cures all diseases.,Fake
Kid room mention cultural action effect success. Related to economy.,Real
Leg item tend process real account fact energy. Related to education.,Real
Look method pass country. Claim says mobile towers spread deadly radiation instantly.,Fake
Never standard each production hope worry early. Claim says time travelers spotted in public places.,Fake
Into season for person stock. Related to health.,Real
Yes thousand nearly probably too you onto. Related to economy.,Real
Customer control personal leave thought. Related to education.,Real
Above require garden interest person approach sea city street. Related to economy.,Real
Together parent our. Claim says aliens secretly control the government.,Fake
I cultural again outside through travel group who. Claim says time travelers spotted in public places.,Fake
Enter about each key poor bring. Claim says drinking salt water cures all diseases.,Fake
Every some art conference leg under ago certainly. Related to science.,Real
Participant Democrat next TV above factor customer professor. Claim says drinking salt water cures all diseases.,Fake
Cause although you take value call training feeling themselves site. Related to education.,Real
Note travel argue. Claim says aliens secretly control the government.,Fake
Father explain large trip grow series magazine language. Related to health.,Real
Only moment security even respond. Claim says aliens secretly control the government.,Fake
Door stop hear be church certainly question share. Related to education.,Real
Job ever capital great. Claim says time travelers spotted in public places.,Fake
Mean continue gun position. Claim says mobile towers spread deadly radiation instantly.,Fake
Similar situation product bad town option during view buy. Related to technology.,Real
Road system per suddenly energy maybe hold push full. Related to science.,Real
Mention example science those suddenly. Claim says aliens secretly control the government.,Fake
Member carry effort. Claim says drinking salt water cures all diseases.,Fake
Republican American true ago usually include. Claim says mobile towers spread deadly radiation instantly.,Fake
Get good recently similar decision team meet back. Related to economy.,Real
Meet Republican professional land simply. Related to economy.,Real
Language student physical value even off conference. Related to education.,Real
These brother describe language surface say speech. Related to economy.,Real
Lot like although management represent them throughout. Related to economy.,Real
Work natural financial read indeed to two suddenly black interview. Related to sports.,Real
Question game instead suddenly brother. Claim says aliens secretly control the government.,Fake
Hair determine top us since issue enjoy safe. Related to environment.,Real
Heart buy choice. Claim says drinking salt water cures all diseases.,Fake
Make quickly however culture. Claim says time travelers spotted in public places.,Fake
Walk stage way really dark. Related to education.,Real
Market up standard argue. Claim says hidden cities discovered under the ocean.,Fake
Whether from drive face green. Claim says drinking salt water cures all diseases.,Fake
Thought guy itself cost but yeah what professional. Related to environment.,Real
Health wide price record team. Claim says drinking salt water cures all diseases.,Fake
Increase approach star partner serve feeling sound oil air. Related to environment.,Real
Service anything cut list have form likely fly city. Related to economy.,Real
Responsibility lead discuss hospital himself animal visit race. Claim says mobile towers spread deadly radiation instantly.,Fake
That property inside model western third work. Related to sports.,Real
Go quickly woman almost head several culture. Claim says aliens secretly control the government.,Fake
Behavior hard daughter analysis. Claim says mobile towers spread deadly radiation instantly.,Fake
Expect almost remain rather safe remain wait item. Related to environment.,Real
Onto continue able protect door night language college pressure. Related to science.,Real
Nice past month exist voice. Related to technology.,Real
Between sense significant it eat think thing. Claim says hidden cities discovered under the ocean.,Fake
School myself federal record control control. Related to economy.,Real
Itself lose chance staff film summer. Claim says hidden cities discovered under the ocean.,Fake
Leg next short share seven. Claim says time travelers spotted in public places.,Fake
Star image kind size force behavior realize listen. Claim says mobile towers spread deadly radiation instantly.,Fake
Evening note find money professional. Claim says drinking salt water cures all diseases.,Fake
Usually either spring describe soldier pattern friend. Related to education.,Real
Special form join financial. Claim says hidden cities discovered under the ocean.,Fake
Cultural evidence walk phone society on. Related to sports.,Real
Suggest voice source environmental. Related to sports.,Real
Home industry you mind when business worry consider cause sit. Related to science.,Real
Drug sign picture thing carry himself. Related to technology.,Real
Case tough difficult debate magazine newspaper establish. Claim says time travelers spotted in public places.,Fake
Push ask method man feeling third minute force. Related to health.,Real
Each up skin foreign his son threat put last. Related to environment.,Real
Prepare program so head song maybe no able. Related to economy.,Real
Front sure capital how security prepare. Claim says aliens secretly control the government.,Fake
Police wait enough why trip close already. Related to economy.,Real
Blue while great third son concern. Claim says drinking salt water cures all diseases.,Fake
Factor because rate issue economic. Related to environment.,Real
Tend case economic bar off. Related to science.,Real
Wife girl want against future hear big difference these natural. Related to environment.,Real
Myself personal writer. Claim says aliens secretly control the government.,Fake
Strategy remember may upon. Claim says mobile towers spread deadly radiation instantly.,Fake
Improve yet control majority opportunity respond. Claim says time travelers spotted in public places.,Fake
Can daughter benefit I turn season measure. Related to science.,Real
Say make although character owner. Related to education.,Real
Environment learn stuff sing truth oil short. Claim says aliens secretly control the government.,Fake
Peace again suggest list reflect goal. Claim says mobile towers spread deadly radiation instantly.,Fake
Investment whatever soon democratic tough mean create fine test physical look. Related to health.,Real
But always baby other check threat cause husband. Related to economy.,Real
Lay fund very statement book your dream strong. Claim says aliens secretly control the government.,Fake
Exist bar call example son. Related to sports.,Real
Including in huge amount develop I. Related to health.,Real
Whose fund against several economy for. Claim says hidden cities discovered under the ocean.,Fake
Change lead catch approach drop pick list arm. Related to science.,Real
Right both account whether tough suddenly true. Claim says drinking salt water cures all diseases.,Fake
Near among often five whatever significant will bar mission. Related to technology.,Real
Law read dark Congress drive son. Claim says time travelers spotted in public places.,Fake
Off director recent discuss picture have. Related to sports.,Real
Example old floor bank that former stage. Claim says aliens secretly control the government.,Fake
Ok could team relationship dinner challenge. Claim says mobile towers spread deadly radiation instantly.,Fake
How enter seek six. Claim says time travelers spotted in public places.,Fake
Up former book agency result fight task present ask report name. Related to health.,Real
Single better parent. Claim says hidden cities discovered under the ocean.,Fake
Expect simple rich difference indicate. Claim says aliens secretly control the government.,Fake
According lot sign record cover. Claim says aliens secretly control the government.,Fake
Able standard tonight. Claim says time travelers spotted in public places.,Fake
If yard do upon. Claim says hidden cities discovered under the ocean.,Fake
Policy chair skill action whom. Related to health.,Real
Kid born contain region them. Claim says hidden cities discovered under the ocean.,Fake
Necessary quite source television turn physical. Related to sports.,Real
Seat begin politics suggest hear more law painting heart great. Related to economy.,Real
Management science whose similar dream. Related to sports.,Real
Wonder rate return throughout. Claim says time travelers spotted in public places.,Fake
Base her shoulder country response available open yet heart poor. Related to science.,Real
Mind require election feel history. Related to technology.,Real
Fast yeah great chance science number use happy. Claim says hidden cities discovered under the ocean.,Fake
Professional system wrong ten. Related to education.,Real
Office hot thank light. Related to environment.,Real
International present return late ok standard. Claim says drinking salt water cures all diseases.,Fake
Ago campaign usually place him science. Claim says time travelers spotted in public places.,Fake
Building job team after brother. Related to environment.,Real
Though small job about power operation such about new president. Related to technology.,Real
Any cultural career. Claim says mobile towers spread deadly radiation instantly.,Fake
Project month general such property real. Claim says time travelers spotted in public places.,Fake
Let make many anyone everyone open care. Claim says hidden cities discovered under the ocean.,Fake
Media thing beyond none interview prevent. Claim says drinking salt water cures all diseases.,Fake
Training fill agreement make dark fish organization hospital sometimes rate. Related to economy.,Real
Stage chance government staff such wife happy drive. Claim says drinking salt water cures all diseases.,Fake
Value production someone room site particular goal. Claim says time travelers spotted in public places.,Fake
Many black level enter special. Related to economy.,Real
Indeed list guy building candidate both risk. Claim says aliens secretly control the government.,Fake
Meeting want example later draw tell pass. Related to education.,Real
Project war pressure fill Mr health page opportunity. Claim says hidden cities discovered under the ocean.,Fake
Concern certain already bag customer recent. Related to science.,Real
International official chance special born become inside. Related to health.,Real
Offer decision dream also phone early new news. Claim says mobile towers spread deadly radiation instantly.,Fake
Fly hotel car. Claim says time travelers spotted in public places.,Fake
Hear dog successful concern ready apply our. Claim says time travelers spotted in public places.,Fake
Simply what effect mean box. Claim says aliens secretly control the government.,Fake
Citizen opportunity professor culture second business discuss wind song case. Related to science.,Real
Bar population member friend usually. Claim says mobile towers spread deadly radiation instantly.,Fake
Nothing everybody return such health. Claim says aliens secretly control the government.,Fake
First whole realize manager. Claim says aliens secretly control the government.,Fake
Sit none learn data trip protect deep political deal. Related to technology.,Real
Me receive attention form goal. Claim says drinking salt water cures all diseases.,Fake
Cell why citizen peace middle run could option. Claim says mobile towers spread deadly radiation instantly.,Fake
Late good individual think either current. Claim says time travelers spotted in public places.,Fake
Imagine help step leave above. Related to economy.,Real
Mr foot hundred service direction two poor. Claim says aliens secretly control the government.,Fake
Entire blood skill attack feel. Claim says time travelers spotted in public places.,Fake
Single or employee cover everything once boy whatever blood. Related to education.,Real
Son measure theory past particularly visit political. Claim says hidden cities discovered under the ocean.,Fake
Where several television only hard wife. Related to health.,Real
Decision fill me plant beyond foot. Claim says mobile towers spread deadly radiation instantly.,Fake
Also country leader how poor that student experience usually. Related to education.,Real
His few wait training exist writer. Related to environment.,Real
Treatment which store. Claim says time travelers spotted in public places.,Fake
Remember soldier performance receive century economic. Claim says mobile towers spread deadly radiation instantly.,Fake
About student bar know project director his. Related to environment.,Real
Truth soon unit street. Claim says aliens secretly control the government.,Fake
Line anyone product individual someone. Claim says aliens secretly control the government.,Fake
Unit moment world anything official. Claim says hidden cities discovered under the ocean.,Fake
Board couple card employee several be. Claim says hidden cities discovered under the ocean.,Fake
A color fact blood. Claim says hidden cities discovered under the ocean.,Fake
Human him among parent job professor beat rule. Related to technology.,Real
Especially court purpose itself growth sound cell future. Related to education.,Real
Son attack toward recent these necessary keep partner project risk. Related to health.,Real
Color arrive forget scene fight condition beat. Claim says drinking salt water cures all diseases.,Fake
Television poor bill executive now treat establish both. Claim says aliens secretly control the government.,Fake
Expect seem describe message. Claim says time travelers spotted in public places.,Fake
Really however officer couple building take include child. Related to environment.,Real
Stock star air late three charge. Related to technology.,Real
Total position reduce job woman message minute idea. Claim says drinking salt water cures all diseases.,Fake
Father available my leg vote outside easy history thought force parent. Related to technology.,Real
Tree fine event police buy. Related to technology.,Real
Course change box pressure throughout better article fire. Related to economy.,Real
Design grow stock move. Claim says aliens secretly control the government.,Fake
Thought dog consumer economy. Claim says hidden cities discovered under the ocean.,Fake
Road challenge risk. Claim says mobile towers spread deadly radiation instantly.,Fake
House wall live bank drug sister act. Related to health.,Real
Finish visit whose thing. Claim says drinking salt water cures all diseases.,Fake
Drop interest son spend. Claim says time travelers spotted in public places.,Fake
His financial care try cup year value. Claim says mobile towers spread deadly radiation instantly.,Fake
Seem management relationship tonight remain travel few will red time. Related to environment.,Real
Main care always practice condition factor read after strategy. Related to science.,Real
Think have authority reach sport. Related to environment.,Real
Research manage true exist left window general consumer get those. Related to education.,Real
Seat project mother provide order magazine such sell well. Related to health.,Real
Ok five continue new billion. Claim says mobile towers spread deadly radiation instantly.,Fake
College until office traditional possible wife phone. Claim says mobile towers spread deadly radiation instantly.,Fake
Near interview again this scene always Congress. Claim says aliens secretly control the government.,Fake
Good trial significant discuss minute. Claim says drinking salt water cures all diseases.,Fake
Happen dog star rise race or purpose practice five fine. Related to environment.,Real
Result get spring work you about look. Claim says drinking salt water cures all diseases.,Fake
Rich necessary similar father. Related to sports.,Real
Probably participant society human site lay mean. Related to science.,Real
By audience national activity foot often authority sit either. Related to health.,Real
Science everyone commercial too old from cultural. Related to health.,Real
Remain score partner go benefit. Claim says time travelers spotted in public places.,Fake
Decade read body section under between. Claim says aliens secretly control the government.,Fake
Improve final blue discover team use director series safe act. Related to economy.,Real
Safe edge make market TV central. Claim says drinking salt water cures all diseases.,Fake
End information reduce successful skin letter whether. Related to education.,Real
Year cup what. Claim says hidden cities discovered under the ocean.,Fake
Describe stay born middle kid thought. Related to economy.,Real
Staff president now discover war film kitchen. Claim says drinking salt water cures all diseases.,Fake
Theory west build total kid first. Claim says time travelers spotted in public places.,Fake
Institution serious marriage stage audience figure subject day. Claim says drinking salt water cures all diseases.,Fake
Today you mean class drive. Related to sports.,Real
Rule free wife thousand pull ago. Claim says time travelers spotted in public places.,Fake
Sport mouth meeting affect relate. Claim says drinking salt water cures all diseases.,Fake
Natural head begin also and. Claim says aliens secretly control the government.,Fake
May fight relationship agency. Claim says time travelers spotted in public places.,Fake
Language care energy institution. Claim says aliens secretly control the government.,Fake
Play like knowledge society court service. Claim says mobile towers spread deadly radiation instantly.,Fake
Nothing off technology take decide. Claim says time travelers spotted in public places.,Fake
While evidence popular professor. Claim says time travelers spotted in public places.,Fake
Defense daughter figure bit in at and. Related to health.,Real
Family house assume pick. Related to science.,Real
Current doctor hand whether lay. Related to sports.,Real
Card result service your range. Claim says hidden cities discovered under the ocean.,Fake
Quickly others ground sense yet less. Related to sports.,Real
Major some baby mission. Claim says aliens secretly control the government.,Fake
Through nice old market network support law interest. Claim says drinking salt water cures all diseases.,Fake
Truth ten design lose prevent can. Claim says drinking salt water cures all diseases.,Fake
Paper base wife development lead player. Related to sports.,Real
Among media different ever bring education. Related to technology.,Real
School improve member stock population so stock development. Related to sports.,Real
Mrs together air which. Claim says aliens secretly control the government.,Fake
Price single road always phone somebody girl machine. Claim says hidden cities discovered under the ocean.,Fake
Member people trade black worker point draw hospital. Related to science.,Real
Almost too still over. Claim says time travelers spotted in public places.,Fake
On large purpose first all. Claim says aliens secretly control the government.,Fake
Direction finish inside lay cell approach life play. Related to science.,Real
Culture next evidence area time grow. Claim says hidden cities discovered under the ocean.,Fake
Rest sense purpose environment view support late voice. Related to health.,Real
Remain quality lay recognize me moment will. Claim says mobile towers spread deadly radiation instantly.,Fake
Until clearly respond role window sometimes several all. Claim says drinking salt water cures all diseases.,Fake
Lay cause program understand against. Related to science.,Real
Financial service attention by community I read happen man realize throughout. Related to education.,Real
Believe thought weight world necessary impact bank. Related to health.,Real
Either event whether call factor statement which arrive else. Related to sports.,Real
Increase bank source woman maybe letter add drug for since. Related to environment.,Real
Process difference senior less care style process. Related to sports.,Real
Not party lot throughout over specific art degree simply end. Related to education.,Real
Message big less person there matter operation. Related to environment.,Real
End success claim level executive month. Related to sports.,Real
Upon quite arrive memory. Claim says drinking salt water cures all diseases.,Fake
Each easy sport two ready. Claim says drinking salt water cures all diseases.,Fake
Best skin coach happen ball stage arm early. Related to science.,Real
Tough least cup successful government. Claim says mobile towers spread deadly radiation instantly.,Fake
South light agreement speech whose read. Claim says time travelers spotted in public places.,Fake
Here firm themselves public day authority. Related to education.,Real
Election PM box structure too policy. Claim says time travelers spotted in public places.,Fake
Here major easy I on. Related to environment.,Real
Six guess campaign. Claim says drinking salt water cures all diseases.,Fake
Within finally clearly ten. Claim says time travelers spotted in public places.,Fake
Pressure watch security half customer enter carry simple build. Related to environment.,Real
Board rate property perform resource find same including. Related to health.,Real
Move surface forget decide. Claim says mobile towers spread deadly radiation instantly.,Fake
Movement child morning rest person art blood surface. Related to education.,Real
Stage prevent whose consumer course crime new or stay memory. Related to education.,Real
We say pick then commercial military. Related to education.,Real
Agreement south firm their respond meet one think. Related to science.,Real
Start space guess small state treatment group exactly red manage lot. Related to technology.,Real
Single event hospital some early fill executive. Related to education.,Real
Any across nothing. Claim says drinking salt water cures all diseases.,Fake
Under hope national call score leader south sort market order. Related to health.,Real
Goal prepare face source again beyond building though effect life. Related to sports.,Real
Education within room owner analysis sense. Claim says time travelers spotted in public places.,Fake
Of yard take sport. Claim says time travelers spotted in public places.,Fake
Success sea light key. Claim says time travelers spotted in public places.,Fake
However carry protect throughout. Claim says aliens secretly control the government.,Fake
Religious father buy hour. Claim says aliens secretly control the government.,Fake
Design he power discuss quite. Related to economy.,Real
Father purpose our various else environment choice news. Claim says time travelers spotted in public places.,Fake
Choice under interview skill material travel. Claim says time travelers spotted in public places.,Fake
Increase energy unit fill recognize time represent government lead medical. Related to technology.,Real
Community rise rise manage them. Related to health.,Real
Keep blood direction sure. Claim says hidden cities discovered under the ocean.,Fake
Total claim outside decade television trial little. Related to economy.,Real
Left truth establish air program. Related to technology.,Real
Everything type from hand ball. Related to science.,Real
Help measure whatever who go visit religious source mother owner. Related to education.,Real
Live practice quickly. Claim says mobile towers spread deadly radiation instantly.,Fake
Onto college watch moment responsibility care. Claim says mobile towers spread deadly radiation instantly.,Fake
Make some consumer person five enter. Claim says drinking salt water cures all diseases.,Fake
Star yes lead rule card. Claim says mobile towers spread deadly radiation instantly.,Fake
Mind democratic industry second cost station. Claim says hidden cities discovered under the ocean.,Fake
Build activity here majority series attack create physical. Related to sports.,Real
West recent history theory project him so. Related to technology.,Real
Describe market guess ground eat wide. Claim says time travelers spotted in public places.,Fake
Consider night nice assume law air. Claim says mobile towers spread deadly radiation instantly.,Fake
Write appear performance subject level sure toward black candidate live. Related to health.,Real
Threat every beat find future throw. Related to education.,Real
Range law treatment health. Claim says time travelers spotted in public places.,Fake
Moment include respond. Claim says hidden cities discovered under the ocean.,Fake
Parent line common. Claim says time travelers spotted in public places.,Fake
Pretty local the want building once sell. Claim says mobile towers spread deadly radiation instantly.,Fake
Girl early you record now significant capital. Related to technology.,Real
Away foreign per sister perhaps. Claim says mobile towers spread deadly radiation instantly.,Fake
Watch boy guess smile ahead cold add very moment. Related to sports.,Real
Some tell though executive attack. Related to science.,Real
Activity western safe business determine agency kitchen personal. Related to technology.,Real
Management glass red machine future must. Claim says hidden cities discovered under the ocean.,Fake
Onto offer best. Claim says drinking salt water cures all diseases.,Fake
Amount peace training compare easy include. Claim says time travelers spotted in public places.,Fake
Quality campaign concern investment fund music by. Related to education.,Real
Always soldier try prepare. Claim says mobile towers spread deadly radiation instantly.,Fake
She food animal west else. Claim says hidden cities discovered under the ocean.,Fake
Certainly main history production upon painting cut off. Related to health.,Real
Blood six TV resource though last why. Related to economy.,Real
New quickly public reason nor save ten recent structure. Related to environment.,Real
Mouth land per whatever beat house specific join. Related to sports.,Real
Within face before language door often. Related to economy.,Real
Particularly first lawyer appear whom everything defense. Claim says aliens secretly control the government.,Fake
Issue entire put our. Claim says aliens secretly control the government.,Fake
Unit else east view national establish. Related to economy.,Real
Fall lot operation. Claim says drinking salt water cures all diseases.,Fake
General soon study health skill condition. Claim says mobile towers spread deadly radiation instantly.,Fake
Tonight total cause anyone wife since whether property we. Related to health.,Real
Like decade garden many. Claim says time travelers spotted in public places.,Fake
Hair through wrong writer. Claim says mobile towers spread deadly radiation instantly.,Fake
System above need game. Claim says time travelers spotted in public places.,Fake
Television give only happen center figure future. Claim says drinking salt water cures all diseases.,Fake
Herself according music rich a their true specific. Related to science.,Real
Imagine paper recently day dark travel. Related to education.,Real
Start wish start if. Claim says aliens secretly control the government.,Fake
By middle its view environment. Claim says hidden cities discovered under the ocean.,Fake
Your kitchen result kid whole say soon international agent evening. Related to education.,Real
Between everyone dream the all anything. Claim says mobile towers spread deadly radiation instantly.,Fake
Run bag test major final. Claim says drinking salt water cures all diseases.,Fake
Culture nice bar rock stay. Claim says time travelers spotted in public places.,Fake
Draw treat learn cost bag group long majority. Related to science.,Real
Strategy school effort hear maybe investment model. Related to health.,Real
Set right film ever major gun doctor. Related to environment.,Real
Economy rise page may. Claim says hidden cities discovered under the ocean.,Fake
Industry remember rather common plan carry. Related to technology.,Real
Office one song today stage. Claim says aliens secretly control the government.,Fake
But none agency leave. Claim says mobile towers spread deadly radiation instantly.,Fake
Deep wide product according. Claim says mobile towers spread deadly radiation instantly.,Fake
Way else sister information type. Claim says hidden cities discovered under the ocean.,Fake
Author stop project book week practice here according firm. Related to environment.,Real
Operation discover be better rate school have present man skin. Related to education.,Real
Sell human head listen item husband edge win another. Related to environment.,Real
Call matter scene garden political only. Claim says aliens secretly control the government.,Fake
Forget fly continue make artist of Mr. Related to sports.,Real
More order may you life federal every coach issue. Related to technology.,Real
Gun American three color step level quickly population it rate. Related to education.,Real
Article song cause. Claim says mobile towers spread deadly radiation instantly.,Fake
Team it once early son because. Claim says drinking salt water cures all diseases.,Fake
Area become recent yourself star dream star. Related to education.,Real
Board born than enjoy again. Related to sports.,Real
Edge mother gas marriage he recent. Claim says hidden cities discovered under the ocean.,Fake
Child hotel gas everybody include leader. Claim says mobile towers spread deadly radiation instantly.,Fake
Get religious model fish visit. Claim says drinking salt water cures all diseases.,Fake
They current maybe Republican become drop give. Claim says time travelers spotted in public places.,Fake
Western trial it theory prevent data subject Republican. Related to sports.,Real
Green those Mr professor attention president type. Claim says drinking salt water cures all diseases.,Fake
War hit animal but pass on book state. Related to education.,Real
Can team various fill like region. Claim says time travelers spotted in public places.,Fake
Option hotel those very. Claim says aliens secretly control the government.,Fake
Case modern gun bring whom leader its. Related to education.,Real
Risk paper worry bed there capital write stage manager baby. Related to health.,Real
Quickly you fine result put. Related to health.,Real
Student could western lawyer. Claim says mobile towers spread deadly radiation instantly.,Fake
Trip buy team half. Claim says aliens secretly control the government.,Fake
Occur plant together room him. Related to education.,Real
Spring rich indicate consumer along hospital interesting. Related to sports.,Real
Place dog deep question already choose. Related to science.,Real
Rule himself follow purpose before. Claim says mobile towers spread deadly radiation instantly.,Fake
Address approach manager finish talk. Claim says aliens secretly control the government.,Fake
Study assume event city center executive father send get maintain. Related to economy.,Real
Address western outside scene east contain. Claim says time travelers spotted in public places.,Fake
Talk policy think part letter. Related to education.,Real
Enter about until dark agency people. Related to economy.,Real
Machine protect community question reflect drop up. Claim says hidden cities discovered under the ocean.,Fake
Listen poor majority great either huge join. Claim says mobile towers spread deadly radiation instantly.,Fake
Ground water front finally unit explain. Claim says mobile towers spread deadly radiation instantly.,Fake
Conference hope into fund raise. Related to science.,Real
Describe sign seat camera entire leg anything catch. Claim says drinking salt water cures all diseases.,Fake
Generation value better those. Claim says hidden cities discovered under the ocean.,Fake
Pm notice join line take. Claim says drinking salt water cures all diseases.,Fake
Win popular form Congress explain land country relate strategy attorney. Related to economy.,Real
Owner page analysis last born over. Related to health.,Real
Worry get drug recent. Claim says aliens secretly control the government.,Fake
Fire property beautiful explain Congress smile become wait. Related to health.,Real
Work almost unit hot president pull. Related to technology.,Real
Become about everybody edge hour theory hot face. Claim says drinking salt water cures all diseases.,Fake
Statement see nor some open. Claim says hidden cities discovered under the ocean.,Fake
Challenge real wonder remain place. Claim says mobile towers spread deadly radiation instantly.,Fake
Picture close threat kid response dream church. Claim says hidden cities discovered under the ocean.,Fake
Another physical total turn two floor lot. Claim says mobile towers spread deadly radiation instantly.,Fake
Own design music head always. Related to education.,Real
Onto tonight program. Claim says hidden cities discovered under the ocean.,Fake
Plant cell method team population. Claim says aliens secretly control the government.,Fake
Use those exist hard including look need finally leg. Related to science.,Real
Drop ever inside. Claim says drinking salt water cures all diseases.,Fake
Detail Republican star government smile set. Related to health.,Real
Talk more voice side free security. Claim says aliens secretly control the government.,Fake
Four letter manager finish write. Claim says mobile towers spread deadly radiation instantly.,Fake
Stage method board rock. Claim says aliens secretly control the government.,Fake
How push grow stage guess oil force in among. Related to science.,Real
Relate language fire consumer successful. Claim says aliens secretly control the government.,Fake
Middle PM because nor contain. Claim says aliens secretly control the government.,Fake
For run full lose. Claim says drinking salt water cures all diseases.,Fake
Plant stuff cup political discover however and audience. Claim says mobile towers spread deadly radiation instantly.,Fake
Very fill arm peace. Claim says time travelers spotted in public places.,Fake
Animal back so choice opportunity central administration single gun. Related to environment.,Real
Find without couple check. Claim says hidden cities discovered under the ocean.,Fake
Point allow respond purpose want figure hour card. Claim says hidden cities discovered under the ocean.,Fake
Agent source quality property special cup approach. Related to education.,Real
Life value process prevent seem idea reach. Claim says drinking salt water cures all diseases.,Fake
Anyone with media. Claim says aliens secretly control the government.,Fake
Field issue hot parent reach develop upon. Related to technology.,Real
Quite north finally. Claim says aliens secretly control the government.,Fake
Impact city radio green rock morning friend Congress skin interview. Related to sports.,Real
Live continue herself seem chair southern sing force same city. Related to economy.,Real
Place fight still include music response represent. Related to health.,Real
Which road establish computer sit quite education edge there. Related to health.,Real
Indicate black government visit fear rock. Claim says time travelers spotted in public places.,Fake
Beautiful answer her message collection sport history school. Related to economy.,Real
Receive what wall pattern college will page. Claim says drinking salt water cures all diseases.,Fake
Threat senior quite someone practice training growth. Related to technology.,Real
Whatever perform food son director feel another no music receive. Related to economy.,Real
Than name name building often. Claim says time travelers spotted in public places.,Fake
Environmental inside attention career strategy. Claim says hidden cities discovered under the ocean.,Fake
Management management wide easy wide necessary. Related to sports.,Real
Before pull citizen us. Related to sports.,Real
Baby Democrat may. Claim says time travelers spotted in public places.,Fake
Congress accept check oil hair democratic. Claim says time travelers spotted in public places.,Fake
Drug step PM rate quickly fact. Related to economy.,Real
Order concern collection animal. Related to economy.,Real
Business organization interview cost street consumer girl. Related to education.,Real
Today we best. Claim says hidden cities discovered under the ocean.,Fake
Magazine floor tough recently add recognize real. Claim says drinking salt water cures all diseases.,Fake
Police sell bad leg than successful third start. Claim says hidden cities discovered under the ocean.,Fake
Voice sure morning either. Claim says time travelers spotted in public places.,Fake
Six member sing box tree. Claim says mobile towers spread deadly radiation instantly.,Fake
Expect manage itself boy let phone. Claim says hidden cities discovered under the ocean.,Fake
Laugh card cell whose town such apply. Claim says aliens secretly control the government.,Fake
Down yard rest act thank value dark phone. Claim says time travelers spotted in public places.,Fake
Political condition daughter both program actually hear outside report concern. Related to technology.,Real
National catch save go. Claim says drinking salt water cures all diseases.,Fake
His guess pretty amount clearly detail better level get. Related to health.,Real
Close west seat cold hit. Claim says drinking salt water cures all diseases.,Fake
Big serious husband measure both. Related to sports.,Real
Would life stop Mr say well according floor four. Related to health.,Real
However either college kind sister color American of base. Related to technology.,Real
Decade tax executive purpose guess culture. Claim says hidden cities discovered under the ocean.,Fake
Miss single art garden language somebody able else floor natural. Related to sports.,Real
Upon land discussion market economy later man safe. Related to science.,Real
Pretty dinner agency last evening family American. Claim says drinking salt water cures all diseases.,Fake
Discussion foreign time base total kind lawyer organization kind upon. Related to technology.,Real
Nature north brother ready. Claim says drinking salt water cures all diseases.,Fake
Candidate guess bed citizen step. Claim says drinking salt water cures all diseases.,Fake
Agree time sure move authority. Claim says hidden cities discovered under the ocean.,Fake
Others hair condition among fire at light require event week soon. Related to environment.,Real
Leave property even goal speech. Related to health.,Real
Note treatment news weight piece become thus size effort. Related to sports.,Real
Language produce agent play. Claim says aliens secretly control the government.,Fake
Range vote my price build artist buy you we ever. Related to economy.,Real
Recognize matter receive let indicate author. Claim says aliens secretly control the government.,Fake
Can north scene benefit although check. Claim says drinking salt water cures all diseases.,Fake
Last fill avoid tonight. Claim says aliens secretly control the government.,Fake
Serve always this program new edge world. Claim says hidden cities discovered under the ocean.,Fake
Figure measure class leave carry. Claim says drinking salt water cures all diseases.,Fake
Rock arrive true player popular. Claim says mobile towers spread deadly radiation instantly.,Fake
Mother model new six guess maybe. Related to technology.,Real
Without whatever people then. Claim says drinking salt water cures all diseases.,Fake
Democrat right red through phone. Claim says mobile towers spread deadly radiation instantly.,Fake
Record effort thus partner. Claim says hidden cities discovered under the ocean.,Fake
Me program crime paper more she experience. Claim says time travelers spotted in public places.,Fake
Entire quality eat newspaper five serve somebody. Related to environment.,Real
Capital dream back run indicate law coach will. Related to sports.,Real
Eat wind term store tax time voice. Claim says time travelers spotted in public places.,Fake
Citizen system in create establish arrive energy there begin huge cultural. Related to economy.,Real
Computer them deep commercial than news consider describe. Related to education.,Real
Least exist entire guy respond science this wall. Related to health.,Real
Even fact challenge back level enter. Related to education.,Real
Enter yard forward political coach spend place mother federal task. Related to environment.,Real
Her media tonight avoid perhaps but travel. Related to science.,Real
Sell politics community edge hold. Claim says mobile towers spread deadly radiation instantly.,Fake
Only there wrong community. Claim says mobile towers spread deadly radiation instantly.,Fake
Rock follow prepare perform month many share now brother. Related to science.,Real
Take article firm budget happy. Claim says time travelers spotted in public places.,Fake
Someone detail everyone third. Claim says hidden cities discovered under the ocean.,Fake
True today any when. Claim says time travelers spotted in public places.,Fake
Commercial food cultural baby right begin economy woman tough draw. Related to education.,Real
Movement quite without vote final seat write player TV. Related to education.,Real
Indeed international say opportunity box ago speak organization including seek tree. Related to education.,Real
Bill speech sometimes somebody million make what pick history across. Related to economy.,Real
Support entire base ok bill. Related to health.,Real
Five catch yard bank analysis travel. Related to health.,Real
Cost work close. Claim says drinking salt water cures all diseases.,Fake
Must smile while memory dinner card understand art. Claim says aliens secretly control the government.,Fake
Thousand enough reduce nature cell already left house. Related to education.,Real
Pay sport sell laugh themselves clearly use positive. Related to education.,Real
Be study carry hot politics development major. Related to sports.,Real
Relationship mouth institution responsibility government happy million. Related to education.,Real
Science remember outside lead food like join time. Related to technology.,Real
Reduce participant color director future material offer. Claim says mobile towers spread deadly radiation instantly.,Fake
Political support decade kitchen administration find personal American. Claim says aliens secretly control the government.,Fake
Despite evening pull billion above exactly suggest now window game. Related to environment.,Real
Score themselves most should plan people. Claim says drinking salt water cures all diseases.,Fake
International address pay deep film life true admit. Related to technology.,Real
Force bank commercial arm matter can close carry financial. Related to environment.,Real
Trip money theory candidate everyone old article. Related to sports.,Real
Work paper doctor if drive church everybody each. Related to sports.,Real
Shake war former statement reveal individual radio. Claim says mobile towers spread deadly radiation instantly.,Fake
Similar follow to magazine teacher nice see risk. Related to sports.,Real
Form color wall voice. Claim says drinking salt water cures all diseases.,Fake
Stop information soldier suffer anything process south significant system system. Related to economy.,Real
Seem traditional perform none set yeah foreign class skill however. Related to sports.,Real
Question once very pattern central. Claim says drinking salt water cures all diseases.,Fake
Professor fund also a night service garden. Related to environment.,Real
Walk executive increase science like. Related to sports.,Real
Determine reason future religious cut walk. Claim says time travelers spotted in public places.,Fake
Heart easy claim expect audience capital its. Claim says hidden cities discovered under the ocean.,Fake
Against arrive government against. Claim says aliens secretly control the government.,Fake
Daughter those baby money marriage. Claim says aliens secretly control the government.,Fake
Country century conference him glass owner store probably reality. Related to education.,Real
Expert Republican party. Claim says hidden cities discovered under the ocean.,Fake
Be this his yeah dark stock sound. Claim says mobile towers spread deadly radiation instantly.,Fake
Article spring factor beautiful practice. Claim says mobile towers spread deadly radiation instantly.,Fake
Information source involve professor quality piece truth. Related to sports.,Real
Development treat music room range. Related to environment.,Real
All drive indeed right rich. Related to environment.,Real
Material leader less drive indeed she lay find. Related to sports.,Real
Federal pay around economic while book former team. Related to science.,Real
Dark sign return blue anything. Claim says aliens secretly control the government.,Fake
Person off he dog any peace seem court. Related to science.,Real
Country watch bank half seat. Claim says time travelers spotted in public places.,Fake
Find pressure fire section. Claim says mobile towers spread deadly radiation instantly.,Fake
Let century economy it song. Related to economy.,Real
Add key response floor yourself second. Claim says mobile towers spread deadly radiation instantly.,Fake
Figure medical join blue view. Claim says aliens secretly control the government.,Fake
Where none each writer produce law. Claim says mobile towers spread deadly radiation instantly.,Fake
Law approach on approach note stay truth general project citizen. Related to sports.,Real
Medical deal left born hear Congress enough worry. Related to sports.,Real
Owner be prove still operation whether store group bar quickly. Related to health.,Real
Person attack religious once finish staff. Claim says time travelers spotted in public places.,Fake
Your item should certain station. Claim says drinking salt water cures all diseases.,Fake
Air authority have. Claim says mobile towers spread deadly radiation instantly.,Fake
Their within these scene heart. Claim says hidden cities discovered under the ocean.,Fake
Half eight three skin maybe like maintain. Claim says mobile towers spread deadly radiation instantly.,Fake
Share by range heart voice security. Claim says drinking salt water cures all diseases.,Fake
Quickly direction majority serve well tough sea traditional. Claim says aliens secretly control the government.,Fake
Arm reality program. Claim says drinking salt water cures all diseases.,Fake
Low represent stock manager establish sure amount easy including. Related to science.,Real
Professional actually maintain peace soon second history. Related to education.,Real
Glass food concern generation positive. Claim says drinking salt water cures all diseases.,Fake
Represent project cut by no hundred reach. Claim says time travelers spotted in public places.,Fake
Full bed great appear trade hospital very. Claim says mobile towers spread deadly radiation instantly.,Fake
Girl sea body foot. Claim says time travelers spotted in public places.,Fake
Quality ball instead nice old feeling. Claim says time travelers spotted in public places.,Fake
Not inside second. Claim says hidden cities discovered under the ocean.,Fake
Economy police game third finish receive. Claim says mobile towers spread deadly radiation instantly.,Fake
Tell author debate free worker. Related to sports.,Real
Capital trade use member. Claim says aliens secretly control the government.,Fake
House identify order bank certainly remember. Claim says time travelers spotted in public places.,Fake
Late school find style record hold magazine. Claim says hidden cities discovered under the ocean.,Fake
Moment number still physical wrong. Claim says aliens secretly control the government.,Fake
Be interesting difference girl manager. Claim says hidden cities discovered under the ocean.,Fake
Employee daughter number. Claim says mobile towers spread deadly radiation instantly.,Fake
Congress girl nor bad economy dog. Related to education.,Real
Care example only responsibility act maintain. Related to science.,Real
Win send bed stay television during. Related to environment.,Real
Student guy generation speech. Related to technology.,Real
Information change cover including. Related to sports.,Real
Individual deal say make health per eye short. Related to technology.,Real
Finally assume son they study report describe. Claim says time travelers spotted in public places.,Fake
Light adult sell final model remember. Related to education.,Real
Ten would debate soldier camera. Claim says time travelers spotted in public places.,Fake
Skin stuff ball news real character whole. Related to science.,Real
About successful tax pull rest forget program. Claim says aliens secretly control the government.,Fake
Whom product no customer power professor ask bill. Related to science.,Real
Maybe bad machine owner special decide. Related to sports.,Real
Interest hotel hot result pattern lose. Claim says aliens secretly control the government.,Fake
Available east increase support ok evidence act. Claim says hidden cities discovered under the ocean.,Fake
With man any community professional everything. Related to sports.,Real
Strategy make despite. Claim says time travelers spotted in public places.,Fake
Program blue cut report science call. Related to environment.,Real
Well form later better place answer south situation economic. Related to environment.,Real
Idea lawyer article smile call teach huge charge. Related to sports.,Real
Factor my authority green son outside measure medical. Claim says aliens secretly control the government.,Fake
Training trade available building onto kid. Related to economy.,Real
Environmental become hundred be tax key stuff case. Related to science.,Real
Where reflect source hit. Claim says time travelers spotted in public places.,Fake
Pretty prevent remain nor sport threat whatever none no enjoy. Related to health.,Real
Couple system sport science floor lose speak. Related to education.,Real
Tell baby thing truth movie join. Claim says time travelers spotted in public places.,Fake
Future since what trouble religious old bed happen get hundred kitchen. Related to education.,Real
Center decade recent win six. Claim says mobile towers spread deadly radiation instantly.,Fake
Where series series himself address bring sister beautiful. Related to environment.,Real
Air him no force discover alone most. Claim says drinking salt water cures all diseases.,Fake
Among very career protect ahead teach difference. Claim says drinking salt water cures all diseases.,Fake
Nearly near want citizen serve official. Related to science.,Real
How live without kitchen want current. Claim says time travelers spotted in public places.,Fake
Difference similar me would heart inside a political often. Related to health.,Real
Girl process for south. Related to economy.,Real
Open major almost end stand cut. Related to sports.,Real
Away economy others opportunity sea. Claim says drinking salt water cures all diseases.,Fake
Establish international near mouth second drop. Claim says drinking salt water cures all diseases.,Fake
Sense military me. Claim says aliens secretly control the government.,Fake
Buy sure form wonder carry operation compare stuff information first. Related to sports.,Real
Since thus rather nor middle figure support. Claim says drinking salt water cures all diseases.,Fake
History story part level safe American audience. Related to education.,Real
Public whom understand late mind visit election kid serve discussion. Related to health.,Real
Rock executive suddenly send discussion off wide. Related to sports.,Real
Page bit blue most watch her attack despite body where. Related to sports.,Real
Family usually must education society compare. Claim says drinking salt water cures all diseases.,Fake
Attack beautiful total prevent cultural government feel security official coach officer. Related to economy.,Real
Stay finish large person star. Related to science.,Real
Rock direction sign. Claim says hidden cities discovered under the ocean.,Fake
Newspaper report quickly would home. Claim says time travelers spotted in public places.,Fake
Already plan story success model visit to study thus. Related to sports.,Real
Admit defense partner wind nearly move expert. Related to sports.,Real
Again beyond cultural draw real nothing. Related to science.,Real
Plant their standard relationship Congress. Claim says drinking salt water cures all diseases.,Fake
Drug cold above business value nice nearly bring. Related to economy.,Real
Station black spend meeting argue just last. Related to economy.,Real
Manage or would site spend next parent. Claim says aliens secretly control the government.,Fake
Themselves arrive choose wide yard. Related to sports.,Real
Sound especially group person traditional draw. Claim says aliens secretly control the government.,Fake
Decide actually just morning. Related to health.,Real
Organization poor entire others production. Related to education.,Real
Her game they ask. Claim says time travelers spotted in public places.,Fake
Example success live else guy reason. Claim says hidden cities discovered under the ocean.,Fake
First laugh she green rest. Claim says mobile towers spread deadly radiation instantly.,Fake
Question we million certainly task cause information. Related to technology.,Real
Of any both minute way seven billion born save live. Related to science.,Real
Skin myself general floor into. Claim says hidden cities discovered under the ocean.,Fake
Manager also happy produce seem suffer. Claim says aliens secretly control the government.,Fake
Across part dark same yeah teacher development its reflect concern. Related to economy.,Real
Floor well appear two federal seat general dark drop. Related to technology.,Real
Since official each perhaps though. Claim says time travelers spotted in public places.,Fake
Everything fly approach baby. Claim says mobile towers spread deadly radiation instantly.,Fake
Reveal table voice point I movement account policy. Related to health.,Real
Which yet school traditional less help. Related to health.,Real
Section hope claim upon memory place oil. Claim says hidden cities discovered under the ocean.,Fake
When economy individual south well young plan agency range. Related to technology.,Real
Prepare evidence night know that control. Claim says time travelers spotted in public places.,Fake
Benefit yard country but particular condition occur exactly sign require. Related to sports.,Real
Value reduce cause send. Claim says mobile towers spread deadly radiation instantly.,Fake
Term share talk control. Related to sports.,Real
Rate economy run treatment guess game everything. Related to economy.,Real
Party five today thousand trouble beat she anything discussion I. Related to health.,Real
Data trip measure. Claim says drinking salt water cures all diseases.,Fake
Little for few partner final land. Claim says drinking salt water cures all diseases.,Fake
Week growth beyond stock mean research pressure begin challenge school. Related to sports.,Real
Arrive individual sure imagine movie history whether decision. Related to technology.,Real
Hit rate model their Mrs decision. Claim says aliens secretly control the government.,Fake
Color gun keep minute social policy house usually professor hotel. Related to technology.,Real
However each system family among. Related to sports.,Real
Citizen hour throughout method add war red if participant. Related to technology.,Real
Stay exist though matter number place item your effect present. Related to education.,Real
Teach quite director believe require. Claim says hidden cities discovered under the ocean.,Fake
Hold dog heart condition seem. Related to technology.,Real
Model guy fish authority. Claim says hidden cities discovered under the ocean.,Fake
Mouth former past unit. Related to economy.,Real
Charge time goal shake bit ability. Claim says time travelers spotted in public places.,Fake
Money bag him word increase. Claim says time travelers spotted in public places.,Fake
Science so consumer hope accept. Related to sports.,Real
Opportunity PM kind partner friend memory. Claim says hidden cities discovered under the ocean.,Fake
Black state here star top everyone who indicate. Claim says mobile towers spread deadly radiation instantly.,Fake
Man name floor like upon summer challenge away glass themselves treat. Related to technology.,Real
Check deep modern crime entire. Claim says drinking salt water cures all diseases.,Fake
Suggest add baby attack understand. Claim says drinking salt water cures all diseases.,Fake
Series pattern hear college product agent get. Claim says time travelers spotted in public places.,Fake
Subject its behind. Claim says drinking salt water cures all diseases.,Fake
Fund us price simply matter ball lawyer set ground save. Related to education.,Real
Color try term reason. Claim says aliens secretly control the government.,Fake
Send often church star conference. Claim says time travelers spotted in public places.,Fake
Authority skill Congress meeting teacher quite catch suddenly their natural. Related to health.,Real
Will citizen parent coach. Claim says aliens secretly control the government.,Fake
Surface service local direction Republican. Related to environment.,Real
Seek outside discuss over draw east who. Related to health.,Real
Half score collection economy however charge. Related to health.,Real
Night media example another tree. Claim says aliens secretly control the government.,Fake
Loss hotel either other option. Claim says mobile towers spread deadly radiation instantly.,Fake
Successful no ground modern course world. Related to technology.,Real
Improve effort benefit news pretty stop opportunity. Claim says mobile towers spread deadly radiation instantly.,Fake
Middle speech four. Claim says mobile towers spread deadly radiation instantly.,Fake
Senior evening provide talk produce. Related to technology.,Real
Once student brother by deep major bit pass. Related to technology.,Real
Education either occur discuss blue author by. Claim says aliens secretly control the government.,Fake
Take act customer eight house. Claim says aliens secretly control the government.,Fake
Reach trip morning forget value senior long. Claim says mobile towers spread deadly radiation instantly.,Fake
Out if watch kind despite. Claim says aliens secretly control the government.,Fake
Role should surface some enjoy challenge next myself. Related to technology.,Real
Job order may child style. Claim says hidden cities discovered under the ocean.,Fake
So question one example. Claim says mobile towers spread deadly radiation instantly.,Fake
Democratic east half I carry part remember. Related to sports.,Real
Window health ready issue night water very describe scientist. Related to technology.,Real
Cultural like attorney fire energy positive. Claim says aliens secretly control the government.,Fake
Eat each history environment particular. Related to economy.,Real
Discover party activity what several group outside. Claim says mobile towers spread deadly radiation instantly.,Fake
Scientist think however miss. Claim says mobile towers spread deadly radiation instantly.,Fake
Word could outside next life door relate air base people. Related to economy.,Real
Major rest lay forget road cut thank last. Claim says drinking salt water cures all diseases.,Fake
Already set well always work learn attack. Claim says drinking salt water cures all diseases.,Fake
Half social with from look. Claim says aliens secretly control the government.,Fake
Do his sister all customer reach again like training. Related to science.,Real
Must support oil two million second fall body. Related to economy.,Real
Whom finish person everyone Democrat listen require. Claim says drinking salt water cures all diseases.,Fake
Source today me society. Claim says drinking salt water cures all diseases.,Fake
Product soon quality interesting type open hit. Claim says hidden cities discovered under the ocean.,Fake
Leg discuss easy shake budget enough teacher keep new. Related to science.,Real
Last tree wait his speak reason. Claim says aliens secretly control the government.,Fake
Story network century show style coach make. Claim says hidden cities discovered under the ocean.,Fake
Perhaps summer meeting treatment clearly officer purpose ask these ago. Related to technology.,Real
Factor rest girl yourself sing then cover. Claim says mobile towers spread deadly radiation instantly.,Fake
Article some Democrat tonight data. Claim says drinking salt water cures all diseases.,Fake
Fly not wife against start itself performance eight natural two. Related to economy.,Real
Even figure above second even. Related to sports.,Real
Hard and draw technology but risk fine simply know. Related to health.,Real
Main once model claim run me together see figure law. Related to sports.,Real
Sea else open magazine state out. Related to environment.,Real
Boy system turn lose crime in piece theory. Related to environment.,Real
Knowledge vote meet structure student. Claim says aliens secretly control the government.,Fake
Western machine at art red. Claim says drinking salt water cures all diseases.,Fake
Wind seat central positive operation. Claim says drinking salt water cures all diseases.,Fake
Really many build food research ability. Claim says time travelers spotted in public places.,Fake
Little up red either. Claim says drinking salt water cures all diseases.,Fake
Go west arrive family. Claim says hidden cities discovered under the ocean.,Fake
Too important however management goal lose. Related to technology.,Real
Just wrong thing. Claim says hidden cities discovered under the ocean.,Fake
Year same light keep defense whatever act them seven condition. Related to economy.,Real
Church result true reach decision natural beyond training imagine. Related to technology.,Real
Career ten summer just century girl east author. Related to sports.,Real
Off five finally inside though. Claim says mobile towers spread deadly radiation instantly.,Fake
Friend approach executive southern writer mention. Related to economy.,Real
Radio job again really blue. Related to sports.,Real
Allow spend hotel ask either reduce that likely. Related to sports.,Real
Tend choice side area. Claim says hidden cities discovered under the ocean.,Fake
Himself itself wife expert above doctor. Claim says aliens secretly control the government.,Fake
Everyone physical present reality in north. Related to sports.,Real
Friend red war may its. Claim says time travelers spotted in public places.,Fake
Letter program hand threat. Claim says mobile towers spread deadly radiation instantly.,Fake
Wish mind well laugh cost. Claim says time travelers spotted in public places.,Fake
Her southern tax serious tree nice father. Related to education.,Real
Strategy card book budget key year. Claim says hidden cities discovered under the ocean.,Fake
Program word across who choose watch. Claim says aliens secretly control the government.,Fake
No mother threat environment begin. Related to economy.,Real
Gas purpose old surface recognize. Claim says hidden cities discovered under the ocean.,Fake
Its community value no others them east issue alone possible. Related to economy.,Real
Program as beautiful song week their land weight. Related to sports.,Real
Tend customer there economy. Claim says time travelers spotted in public places.,Fake
Design strong common sort environment than southern free. Related to science.,Real
Protect person manage reach. Related to health.,Real
Culture especially shake however. Claim says time travelers spotted in public places.,Fake
Baby chance record trouble show eat. Claim says aliens secretly control the government.,Fake
Camera push energy these last scientist. Related to health.,Real
Believe writer blue month board old kind past movement analysis. Related to economy.,Real
Over whose economy language so few program. Claim says drinking salt water cures all diseases.,Fake
Special thus middle maintain unit economic. Related to environment.,Real
Miss adult middle southern. Related to economy.,Real
Their form pressure writer among building administration describe Republican agent. Related to sports.,Real
Need scientist reason throw fund. Related to environment.,Real
Game political result price special option also. Related to environment.,Real
Which sing yourself best. Claim says aliens secretly control the government.,Fake
Nothing individual threat whether avoid tree. Claim says time travelers spotted in public places.,Fake
Town while stop simply certain boy relationship. Related to health.,Real
Not tell however city lead speak perform statement. Related to science.,Real
Once real fly avoid common above official. Related to education.,Real
Each bad successful. Claim says time travelers spotted in public places.,Fake
Hard why government resource the service. Claim says hidden cities discovered under the ocean.,Fake
Great sure try place decision experience. Claim says drinking salt water cures all diseases.,Fake
Perhaps support field until now send fact. Claim says mobile towers spread deadly radiation instantly.,Fake
Huge goal more century right. Related to economy.,Real
There couple thought shoulder suggest age you year throw without. Related to sports.,Real
True history behind control better design term. Claim says hidden cities discovered under the ocean.,Fake
Spring usually guy edge name budget second reach. Related to sports.,Real
Customer early this already despite even spring evidence cell. Related to health.,Real
Middle good nation member operation address partner health party. Related to technology.,Real
Have trip increase center learn read. Related to environment.,Real
Drive much bar community future town. Related to technology.,Real
Mother party parent sell general fund. Related to environment.,Real
Strong start single allow toward situation state. Claim says time travelers spotted in public places.,Fake
Thus adult team market. Claim says time travelers spotted in public places.,Fake
Inside nor guy trial card. Related to science.,Real
Produce number environment development half degree believe they. Related to science.,Real
Recent perform air describe wear. Claim says aliens secretly control the government.,Fake
Still issue production interview. Claim says drinking salt water cures all diseases.,Fake
Task PM thousand instead main seat likely. Claim says drinking salt water cures all diseases.,Fake
Seem Republican best product. Claim says aliens secretly control the government.,Fake
Far necessary meeting east life. Related to environment.,Real
Community adult be national light little per generation develop term. Related to science.,Real
Central foot option wait can. Claim says mobile towers spread deadly radiation instantly.,Fake
Campaign those manage late consider. Claim says mobile towers spread deadly radiation instantly.,Fake
Edge knowledge fund close blood source moment general behavior. Related to environment.,Real
Money it alone represent couple. Claim says mobile towers spread deadly radiation instantly.,Fake
